# Blender 3.4.1
# www.blender.org
mtllib button.mtl
o Door_panel_ref
v -0.070068 -0.139176 0.154674
v -0.054741 -0.139176 0.154674
v -0.054741 -0.134771 0.184278
v -0.073978 -0.139025 0.155690
v -0.077889 -0.138048 0.162256
v -0.077889 -0.134771 0.184278
v 0.043253 -0.134771 0.184278
v 0.043253 -0.139176 0.154674
v 0.062489 -0.139045 0.155555
v 0.058577 -0.139176 0.154674
v 0.066401 -0.138198 0.161249
v 0.066401 -0.134799 0.184096
v 0.054867 0.169862 0.108693
v 0.042993 0.169862 0.108693
v 0.042407 0.170908 0.115723
v 0.058779 0.169993 0.109574
v 0.062691 0.170841 0.115268
v 0.062691 0.174213 0.137933
v 0.075606 -0.010675 0.186069
v 0.059133 -0.010675 0.186069
v 0.071533 -0.054237 0.192550
v 0.088515 -0.054237 0.192550
v 0.075606 0.029776 0.180050
v 0.059072 0.022061 0.181198
v 0.072051 -0.109073 0.200709
v 0.088515 -0.115904 0.201725
v 0.066401 -0.132240 0.204156
v 0.070085 -0.113903 0.201428
v 0.065246 -0.115904 0.201725
v 0.049513 -0.132240 0.204156
v -0.061001 -0.132240 0.204156
v -0.076734 -0.115904 0.201725
v 0.059148 0.050779 0.176925
v 0.089805 0.050779 0.176925
v 0.089805 0.087296 0.171492
v 0.061012 0.085452 0.171766
v -0.070636 0.050779 0.176925
v -0.062814 0.029776 0.180050
v 0.051326 0.029776 0.180050
v -0.072500 0.085452 0.171766
v -0.101293 0.050779 0.176925
v -0.101293 0.087296 0.171492
v -0.072500 0.151582 0.161927
v -0.101293 0.149737 0.162201
v -0.068285 0.027516 0.180386
v -0.070560 0.022061 0.181198
v -0.087094 0.029776 0.180050
v -0.087094 -0.010675 0.186069
v -0.070621 -0.010675 0.186069
v -0.100003 -0.054237 0.192550
v -0.083021 -0.054237 0.192550
v -0.100003 -0.115904 0.201725
v -0.083539 -0.109073 0.200709
v -0.066959 0.158084 0.160959
v -0.094448 0.161679 0.160424
v -0.081573 -0.113903 0.201428
v -0.077889 -0.132240 0.204156
v 0.062691 0.176798 0.158175
v 0.040733 0.176798 0.158175
v 0.055704 0.157874 0.160990
v 0.054111 0.158417 0.160910
v -0.065599 0.158417 0.160910
v 0.083247 0.161465 0.160456
v 0.061012 0.151584 0.161926
v 0.089805 0.149740 0.162201
v -0.052221 0.176798 0.158175
v -0.074179 0.176798 0.158175
v -0.054481 0.169862 0.108693
v -0.066359 0.169862 0.108693
v -0.070269 0.170014 0.109709
v -0.053076 0.169909 0.115807
v -0.074179 0.170990 0.116275
v -0.074179 0.174267 0.138297
v 0.056797 0.027516 0.180386
v 0.000858 0.052474 0.140087
v 0.000858 0.048954 0.149368
v 0.000858 0.050150 0.159221
v 0.000858 0.050494 0.159719
v 0.000858 0.089617 0.153560
v 0.000858 0.059903 0.133506
v 0.000858 0.069540 0.131130
v 0.000858 0.079177 0.133506
v 0.000858 0.086606 0.140087
v 0.000858 0.090126 0.149368
v -0.012346 0.050150 0.159221
v -0.012346 0.048954 0.149368
v -0.012346 0.052474 0.140087
v -0.012346 0.050494 0.159719
v -0.012346 0.089617 0.153560
v -0.012346 0.059903 0.133506
v -0.012346 0.069540 0.131130
v -0.012346 0.079177 0.133506
v -0.012346 0.086606 0.140087
v -0.012346 0.090126 0.149368
v 0.041857 0.050150 0.159221
v 0.041857 0.048954 0.149368
v 0.041857 0.052474 0.140087
v 0.041857 0.050494 0.159719
v 0.041857 0.089617 0.153560
v 0.041857 0.059903 0.133506
v 0.041857 0.069540 0.131130
v 0.041857 0.079177 0.133506
v 0.041857 0.086606 0.140087
v 0.041857 0.090126 0.149368
v -0.053345 0.052474 0.140087
v -0.053345 0.048954 0.149368
v -0.053345 0.050150 0.159221
v -0.053345 0.050494 0.159719
v -0.053345 0.089617 0.153560
v -0.053345 0.059903 0.133506
v -0.053345 0.069540 0.131130
v -0.053345 0.079177 0.133506
v -0.053345 0.086606 0.140087
v -0.053345 0.090126 0.149368
v -0.061527 0.126888 0.066518
v -0.061521 0.125397 0.071466
v -0.068388 0.125125 0.072947
v -0.068364 0.127139 0.066011
v 0.056876 0.161712 0.079778
v 0.056898 0.162356 0.074088
v 0.050048 0.162418 0.075543
v 0.050033 0.161134 0.081248
v 0.056876 0.161563 0.068925
v 0.050023 0.161373 0.068364
v 0.056927 0.158006 0.062503
v 0.050036 0.157584 0.062026
v -0.068364 0.135161 0.091206
v -0.068386 0.130949 0.088115
v -0.061512 0.132494 0.089528
v -0.068388 0.142098 0.093219
v -0.061536 0.139177 0.092725
v -0.068388 0.149350 0.092433
v -0.061527 0.146396 0.093105
v -0.061512 0.127637 0.084085
v -0.068364 0.127381 0.083636
v 0.050048 0.137476 0.056986
v 0.049658 0.135406 0.059378
v 0.049649 0.139914 0.057747
v 0.050033 0.143238 0.055989
v 0.049661 0.145258 0.057308
v 0.050024 0.148431 0.056497
v 0.049661 0.151759 0.059202
v 0.050048 0.131214 0.060726
v 0.049655 0.130216 0.063730
v 0.049649 0.127608 0.068423
v 0.050039 0.126888 0.066518
v 0.049655 0.126458 0.073081
v 0.050033 0.125397 0.071466
v 0.050024 0.127637 0.084085
v 0.050039 0.125240 0.077246
v 0.050033 0.153662 0.058842
v 0.049649 0.155628 0.062049
v 0.049658 0.158967 0.066256
v 0.049658 0.161000 0.072715
v 0.049649 0.160782 0.077504
v 0.049661 0.159143 0.082609
v 0.050024 0.158678 0.085851
v 0.049661 0.154905 0.087891
v 0.050031 0.153237 0.090707
v 0.049647 0.148957 0.091152
v 0.050039 0.146396 0.093105
v 0.049655 0.142230 0.091886
v 0.050048 0.139177 0.092725
v 0.049661 0.135736 0.089993
v 0.050024 0.132494 0.089528
v 0.049661 0.130454 0.085755
v 0.056876 0.135161 0.091206
v 0.056900 0.142098 0.093219
v 0.056898 0.130949 0.088115
v 0.056876 0.127381 0.083636
v 0.056898 0.125596 0.078727
v 0.056900 0.125125 0.072947
v -0.068388 0.155749 0.088932
v -0.061519 0.153237 0.090707
v 0.056900 0.149350 0.092433
v 0.056900 0.155749 0.088932
v 0.056898 0.159503 0.084512
v -0.039532 0.131744 0.060264
v -0.039526 0.127173 0.065948
v -0.039408 0.128090 0.067111
v -0.039413 0.133281 0.060585
v -0.039530 0.136156 0.057600
v -0.039410 0.141275 0.057419
v -0.039532 0.141731 0.056011
v -0.039410 0.148037 0.057780
v -0.039532 0.148997 0.056654
v -0.039408 0.126713 0.071691
v -0.039407 0.154149 0.060705
v -0.039531 0.155464 0.060029
v -0.039410 0.158672 0.065739
v -0.039526 0.160147 0.065620
v -0.039418 0.161214 0.073677
v -0.039532 0.162334 0.072580
v -0.039530 0.162098 0.077728
v -0.039537 0.160320 0.083251
v -0.039408 0.159887 0.080771
v -0.039410 0.157643 0.084996
v -0.039530 0.155749 0.088932
v -0.039411 0.151273 0.090386
v -0.039530 0.149350 0.092434
v -0.039409 0.142824 0.091928
v -0.039526 0.142099 0.093220
v -0.039408 0.137574 0.090737
v -0.039530 0.137097 0.091984
v -0.039406 0.133347 0.088491
v -0.039532 0.132031 0.089166
v -0.039410 0.128823 0.083456
v -0.039530 0.128558 0.085359
v -0.039413 0.126570 0.077077
v -0.039530 0.125911 0.080200
v -0.054607 0.131744 0.060264
v -0.054616 0.138151 0.056759
v -0.046699 0.139618 0.056446
v -0.046710 0.134182 0.058534
v -0.046703 0.144752 0.055928
v -0.054604 0.143238 0.055989
v -0.046699 0.150398 0.057211
v -0.054604 0.148999 0.056654
v -0.046699 0.130230 0.061799
v -0.054604 0.127172 0.065949
v -0.046699 0.126883 0.066527
v 0.056907 0.152230 0.057934
v 0.056876 0.145324 0.055968
v 0.056898 0.139618 0.056446
v 0.056900 0.134773 0.058197
v 0.056898 0.130230 0.061799
v 0.056876 0.127139 0.066011
v -0.061521 0.143238 0.055989
v -0.061536 0.137476 0.056986
v -0.068386 0.139618 0.056446
v -0.068364 0.145324 0.055968
v -0.068388 0.134773 0.058197
v -0.068386 0.130230 0.061799
v -0.061536 0.131214 0.060726
v -0.068386 0.159503 0.084512
v -0.061512 0.158678 0.085851
v -0.068364 0.161712 0.079778
v -0.061521 0.161134 0.081248
v -0.068386 0.162356 0.074088
v -0.061536 0.162418 0.075543
v -0.068364 0.161563 0.068925
v -0.061511 0.161373 0.068364
v 0.043127 0.138151 0.056759
v 0.043119 0.131744 0.060264
v 0.035221 0.134182 0.058534
v 0.035211 0.139618 0.056446
v 0.035215 0.144752 0.055928
v 0.043116 0.143238 0.055989
v 0.043116 0.148999 0.056654
v 0.035211 0.150398 0.057211
v 0.035228 0.154936 0.059620
v 0.043118 0.155464 0.060028
v 0.043119 0.160323 0.083245
v 0.043116 0.162098 0.077728
v 0.035215 0.161862 0.079225
v 0.035211 0.159503 0.084512
v 0.043116 0.162334 0.072579
v 0.035203 0.162255 0.071948
v 0.043111 0.160145 0.065616
v 0.035215 0.159826 0.065057
v 0.043127 0.152716 0.091001
v 0.043116 0.157265 0.087395
v 0.035228 0.156255 0.088493
v 0.035211 0.149965 0.092229
v 0.043111 0.145770 0.093183
v 0.035219 0.142736 0.093266
v 0.043118 0.138500 0.092542
v 0.035215 0.135675 0.091461
v 0.043111 0.132035 0.089170
v 0.035211 0.130949 0.088115
v 0.035215 0.127667 0.084134
v 0.043119 0.127348 0.083575
v -0.024786 0.136156 0.057600
v -0.024960 0.134891 0.059672
v -0.024963 0.139914 0.057747
v -0.024783 0.141729 0.056011
v -0.024955 0.144661 0.057266
v -0.024786 0.146878 0.056247
v -0.024964 0.151247 0.058946
v -0.024783 0.152397 0.058023
v -0.024960 0.156658 0.062999
v -0.024786 0.156545 0.061079
v -0.024787 0.160148 0.065623
v -0.024960 0.160112 0.068817
v -0.024965 0.161078 0.075532
v -0.024790 0.162334 0.072580
v -0.024791 0.161693 0.079841
v -0.024960 0.159404 0.082087
v -0.024775 0.131751 0.060258
v -0.024963 0.131199 0.062717
v -0.024960 0.128091 0.067108
v -0.024786 0.127992 0.064682
v -0.024791 0.125805 0.069344
v -0.024786 0.159503 0.084512
v -0.024783 0.155751 0.088931
v -0.024964 0.155337 0.087516
v -0.024960 0.149522 0.090964
v -0.024791 0.149357 0.092432
v -0.024963 0.144220 0.091871
v -0.024783 0.142099 0.093220
v -0.024965 0.139467 0.091416
v -0.024786 0.137097 0.091984
v -0.024963 0.126713 0.071691
v -0.024956 0.126571 0.077083
v -0.024781 0.125161 0.076617
v -0.024790 0.127347 0.083573
v -0.024967 0.128819 0.083448
v -0.024781 0.132033 0.089168
v -0.024956 0.133359 0.088500
v -0.032357 0.137526 0.056967
v -0.032354 0.131250 0.060692
v -0.032362 0.126884 0.066526
v -0.039527 0.125125 0.072947
v -0.032354 0.125078 0.073601
v 0.042942 0.148039 0.057781
v 0.042939 0.152951 0.059972
v 0.042942 0.141277 0.057419
v 0.042936 0.156650 0.062991
v 0.042939 0.136700 0.058819
v 0.042942 0.132149 0.061687
v 0.028044 0.148997 0.056654
v 0.028044 0.141731 0.056011
v 0.020863 0.144747 0.055928
v 0.020864 0.151815 0.057732
v 0.020869 0.137526 0.056967
v 0.028042 0.136156 0.057600
v 0.028043 0.155464 0.060029
v 0.020866 0.156545 0.061079
v 0.028044 0.131744 0.060264
v 0.020866 0.131250 0.060692
v 0.028044 0.132031 0.089166
v 0.028042 0.137097 0.091984
v 0.020862 0.135678 0.091462
v 0.028038 0.142099 0.093220
v 0.020869 0.142749 0.093266
v 0.028042 0.149350 0.092434
v 0.020864 0.149968 0.092228
v 0.028042 0.155749 0.088932
v 0.020862 0.156240 0.088506
v 0.020869 0.129840 0.087092
v 0.028042 0.128558 0.085359
v 0.020869 0.126117 0.080819
v 0.028042 0.125911 0.080200
v 0.020866 0.125078 0.073601
v 0.028039 0.125125 0.072947
v -0.032357 0.129840 0.087092
v -0.032350 0.135678 0.091462
v -0.032357 0.142749 0.093266
v -0.032352 0.149968 0.092228
v -0.032357 0.126117 0.080819
v -0.046699 0.159503 0.084512
v -0.046440 0.159136 0.082622
v -0.046440 0.161036 0.076121
v -0.046703 0.161862 0.079225
v -0.046691 0.162255 0.071948
v -0.046716 0.156255 0.088493
v -0.046429 0.154902 0.087893
v -0.046435 0.150795 0.090376
v -0.046699 0.149965 0.092229
v -0.046445 0.145594 0.091854
v -0.046435 0.160597 0.070764
v -0.046703 0.159826 0.065057
v -0.046440 0.158969 0.066260
v -0.046716 0.154936 0.059620
v -0.046429 0.154612 0.061063
v -0.046440 0.148615 0.057939
v -0.046440 0.141869 0.057344
v -0.046707 0.142736 0.093266
v -0.046435 0.138873 0.091254
v -0.046703 0.135675 0.091461
v -0.046440 0.132876 0.088125
v -0.046699 0.130949 0.088115
v -0.046443 0.135407 0.059378
v -0.046445 0.130239 0.063701
v -0.046435 0.127608 0.068423
v -0.046441 0.126459 0.073072
v -0.046699 0.125397 0.071466
v -0.046710 0.125247 0.077288
v -0.046440 0.127192 0.079805
v -0.046703 0.127667 0.084134
v -0.046435 0.129647 0.084587
v -0.061527 0.125240 0.077246
v -0.061137 0.127190 0.079799
v -0.061149 0.130454 0.085755
v -0.061143 0.126458 0.073081
v -0.061137 0.127608 0.068423
v -0.061144 0.130216 0.063730
v -0.061146 0.135406 0.059378
v -0.061137 0.139914 0.057747
v -0.061149 0.145258 0.057308
v -0.061149 0.135736 0.089993
v -0.061144 0.142230 0.091886
v -0.061135 0.148957 0.091152
v -0.061512 0.148431 0.056497
v -0.061149 0.151759 0.059202
v -0.061521 0.153662 0.058842
v -0.061137 0.155628 0.062049
v -0.061524 0.157584 0.062026
v -0.061146 0.158967 0.066256
v -0.061146 0.161000 0.072715
v -0.061137 0.160782 0.077504
v -0.061149 0.159143 0.082609
v -0.061149 0.154905 0.087891
v 0.049649 0.127190 0.079799
v 0.042935 0.126568 0.077062
v 0.042946 0.126928 0.070320
v 0.042939 0.128824 0.083457
v 0.042942 0.133348 0.088492
v -0.054427 0.128824 0.083457
v -0.054430 0.133348 0.088492
v -0.054423 0.126568 0.077062
v -0.054427 0.137574 0.090737
v -0.054430 0.142819 0.091928
v 0.042939 0.137574 0.090737
v 0.042942 0.142819 0.091928
v -0.054423 0.161078 0.075529
v -0.054434 0.160109 0.068809
v -0.054430 0.159404 0.082087
v -0.054430 0.155346 0.087508
v -0.032352 0.151815 0.057732
v -0.032351 0.144747 0.055928
v -0.032354 0.156545 0.061079
v 0.042946 0.160109 0.068809
v 0.042935 0.161078 0.075529
v 0.027923 0.151273 0.090386
v 0.034947 0.150795 0.090376
v 0.034941 0.154902 0.087893
v 0.027922 0.157643 0.084996
v 0.034957 0.145594 0.091854
v 0.027921 0.142824 0.091928
v 0.034947 0.138873 0.091254
v 0.027920 0.137574 0.090737
v 0.027918 0.133347 0.088491
v 0.034952 0.132876 0.088125
v -0.054434 0.126928 0.070320
v -0.054427 0.129122 0.065393
v -0.054430 0.132149 0.061687
v -0.054427 0.136700 0.058819
v -0.054430 0.141277 0.057419
v 0.034952 0.159136 0.082622
v 0.027920 0.159887 0.080771
v 0.034952 0.161036 0.076121
v 0.027930 0.161214 0.073677
v 0.034947 0.160597 0.070764
v 0.034952 0.158969 0.066260
v 0.027922 0.158672 0.065739
v 0.034952 0.127192 0.079805
v 0.034947 0.129647 0.084587
v 0.027922 0.128823 0.083456
v 0.027925 0.126570 0.077077
v 0.034953 0.126459 0.073072
v 0.027920 0.126713 0.071691
v -0.054424 0.156650 0.062991
v 0.020728 0.156092 0.062207
v 0.020716 0.149921 0.058457
v 0.013476 0.151247 0.058946
v 0.013472 0.156658 0.062999
v 0.020719 0.145276 0.057310
v 0.013467 0.144661 0.057266
v 0.020716 0.139914 0.057747
v 0.013474 0.139914 0.057747
v 0.020719 0.135414 0.059374
v 0.013472 0.134891 0.059672
v 0.020716 0.131199 0.062717
v 0.013474 0.131199 0.062717
v 0.020719 0.128361 0.066569
v 0.013472 0.128091 0.067108
v 0.020728 0.143780 0.092088
v 0.020716 0.150795 0.090376
v 0.013472 0.149522 0.090964
v 0.013474 0.144220 0.091871
v 0.013477 0.139467 0.091416
v 0.020719 0.135719 0.089984
v 0.020719 0.154891 0.087903
v 0.013476 0.155337 0.087516
v 0.013468 0.133359 0.088500
v 0.020719 0.130439 0.085737
v 0.013479 0.128819 0.083448
v 0.034957 0.130239 0.063701
v 0.034947 0.127608 0.068423
v 0.027920 0.128090 0.067111
v 0.027925 0.133281 0.060585
v 0.034955 0.135407 0.059378
v -0.054606 0.138500 0.092542
v -0.054599 0.132035 0.089170
v -0.054599 0.145770 0.093183
v -0.054616 0.152716 0.091001
v -0.054604 0.157265 0.087395
v 0.020713 0.159135 0.082625
v 0.020868 0.160613 0.082664
v 0.020719 0.161035 0.076126
v 0.020866 0.162098 0.077728
v 0.020869 0.162253 0.071934
v 0.020719 0.160304 0.069394
v 0.020869 0.159824 0.065054
v 0.020722 0.127187 0.079790
v 0.020716 0.126460 0.073066
v 0.020874 0.126884 0.066526
v -0.075330 0.134085 0.070623
v -0.075331 0.138537 0.065459
v -0.075330 0.133587 0.076909
v -0.068386 0.125596 0.078727
v -0.075331 0.136543 0.082207
v -0.075329 0.141186 0.084645
v -0.075330 0.146318 0.084724
v -0.075330 0.151315 0.081762
v -0.075330 0.154000 0.076610
v -0.075329 0.153601 0.071311
v -0.068415 0.158006 0.062503
v -0.075332 0.150196 0.066286
v -0.068395 0.152230 0.057934
v -0.075329 0.144483 0.064236
v 0.063843 0.136543 0.082207
v 0.063841 0.141186 0.084645
v 0.063842 0.133587 0.076909
v 0.063842 0.134085 0.070623
v 0.063842 0.146318 0.084724
v 0.063842 0.151315 0.081762
v 0.063842 0.154000 0.076610
v 0.063841 0.147040 0.080770
v 0.063841 0.142414 0.081389
v 0.061507 0.143449 0.081587
v 0.061507 0.147888 0.080143
v 0.061507 0.138594 0.079329
v 0.063841 0.138336 0.079031
v 0.063841 0.149835 0.077775
v 0.061507 0.149943 0.077560
v -0.005744 0.161899 0.070468
v -0.005744 0.160744 0.067006
v -0.005744 0.158937 0.063836
v -0.005744 0.156545 0.061079
v -0.005744 0.162356 0.074088
v -0.072995 0.143449 0.081587
v -0.075329 0.142414 0.081389
v -0.075329 0.147040 0.080770
v -0.072995 0.147888 0.080143
v -0.072995 0.138594 0.079329
v -0.075329 0.138336 0.079031
v -0.005744 0.150398 0.057211
v -0.005744 0.146878 0.056247
v -0.005744 0.153662 0.058842
v -0.005744 0.143238 0.055989
v -0.005744 0.139618 0.056446
v -0.005744 0.136156 0.057600
v -0.054604 0.162098 0.077728
v -0.054607 0.160323 0.083245
v -0.054604 0.162334 0.072579
v -0.054599 0.160145 0.065616
v 0.013468 0.126571 0.077083
v 0.013474 0.126713 0.071691
v -0.032207 0.135719 0.089984
v -0.032207 0.130439 0.085737
v -0.032210 0.127187 0.079790
v -0.032216 0.143780 0.092088
v 0.035221 0.125247 0.077288
v 0.035211 0.125397 0.071466
v 0.035211 0.126883 0.066527
v 0.035211 0.130230 0.061799
v 0.034952 0.141869 0.057344
v 0.034952 0.148615 0.057939
v 0.034941 0.154612 0.061063
v 0.042942 0.159404 0.082087
v 0.042942 0.155346 0.087508
v -0.054427 0.152951 0.059972
v -0.054430 0.148039 0.057781
v 0.042939 0.129122 0.065393
v -0.032204 0.126460 0.073066
v 0.063843 0.138537 0.065459
v -0.032204 0.149921 0.058457
v -0.032216 0.156092 0.062207
v -0.032207 0.145276 0.057310
v -0.032204 0.139914 0.057747
v -0.032207 0.135414 0.059374
v 0.061507 0.136836 0.074959
v 0.061507 0.137800 0.071058
v 0.061507 0.140769 0.068350
v 0.061507 0.145404 0.067800
v 0.061507 0.148855 0.070007
v 0.061507 0.150661 0.073526
v 0.013299 0.160148 0.065623
v 0.013302 0.162334 0.072580
v -0.005744 0.162098 0.077728
v 0.013303 0.161693 0.079841
v -0.005744 0.161134 0.081248
v -0.005744 0.159503 0.084512
v 0.013298 0.159503 0.084512
v -0.005744 0.157265 0.087395
v 0.013295 0.155751 0.088931
v -0.005744 0.133833 0.090352
v -0.005744 0.130949 0.088115
v -0.005744 0.128558 0.085359
v -0.005744 0.126751 0.082189
v -0.005744 0.137097 0.091984
v -0.005744 0.140616 0.092947
v -0.005744 0.144257 0.093206
v -0.005744 0.125397 0.071466
v -0.005744 0.126361 0.067947
v -0.005744 0.125139 0.075106
v -0.005744 0.127992 0.064682
v -0.005744 0.130230 0.061799
v -0.005744 0.132986 0.059408
v 0.013302 0.127347 0.083573
v 0.013293 0.132033 0.089168
v -0.005744 0.125596 0.078727
v 0.013293 0.125161 0.076617
v 0.013298 0.156545 0.061079
v 0.063841 0.136827 0.074614
v 0.063841 0.137984 0.070767
v 0.063841 0.141083 0.068210
v 0.063841 0.144483 0.064236
v 0.063841 0.145784 0.067904
v 0.063844 0.150196 0.066286
v 0.063841 0.149013 0.070189
v 0.063841 0.150710 0.073917
v 0.063841 0.153601 0.071311
v 0.013287 0.131751 0.060258
v 0.013298 0.136156 0.057600
v 0.013295 0.141729 0.056011
v 0.013298 0.127992 0.064682
v 0.013303 0.125805 0.069344
v -0.005744 0.154509 0.089787
v -0.005744 0.151339 0.091594
v 0.013303 0.149357 0.092432
v -0.005744 0.147877 0.092749
v 0.013295 0.142099 0.093220
v 0.013298 0.137097 0.091984
v 0.013298 0.146878 0.056247
v 0.013295 0.152397 0.058023
v -0.075329 0.149013 0.070189
v -0.072995 0.148855 0.070007
v -0.072995 0.150661 0.073526
v -0.075329 0.150710 0.073917
v -0.054606 0.155464 0.060028
v -0.054607 0.127348 0.083575
v -0.054601 0.125161 0.076614
v -0.054604 0.125397 0.071466
v 0.013472 0.159404 0.082087
v 0.013477 0.161078 0.075532
v 0.013472 0.160112 0.068817
v -0.054430 0.149522 0.090964
v -0.032357 0.159824 0.065054
v -0.032357 0.162253 0.071934
v -0.032354 0.162098 0.077728
v -0.032356 0.160613 0.082664
v -0.032350 0.156240 0.088506
v 0.043116 0.125397 0.071466
v 0.043116 0.127172 0.065949
v 0.043113 0.125161 0.076614
v 0.042942 0.149522 0.090964
v -0.032207 0.160304 0.069394
v -0.032207 0.161035 0.076126
v -0.032201 0.159135 0.082625
v -0.032207 0.154891 0.087903
v -0.032204 0.150795 0.090376
v -0.032207 0.128361 0.066569
v -0.032204 0.131199 0.062717
v -0.075329 0.149835 0.077775
v -0.075329 0.145784 0.067904
v -0.075329 0.141083 0.068210
v -0.075329 0.137984 0.070767
v -0.075329 0.136827 0.074614
v -0.072995 0.137800 0.071058
v -0.072995 0.136836 0.074959
v -0.072995 0.140769 0.068350
v -0.072995 0.145404 0.067800
v -0.072995 0.149943 0.077560
v 0.027922 0.148037 0.057780
v 0.027922 0.141275 0.057419
v 0.027919 0.154149 0.060705
v 0.028038 0.160147 0.065620
v 0.028038 0.127173 0.065948
v 0.028044 0.162334 0.072580
v 0.028042 0.162098 0.077728
v 0.028049 0.160320 0.083251
v -0.005744 0.079327 0.040842
v -0.005744 0.084674 0.032885
v -0.033936 0.113176 0.040707
v -0.005744 0.074084 0.048647
v -0.033936 0.097343 0.064274
v -0.005744 0.089917 0.025080
v -0.039155 0.122211 0.047653
v -0.039155 0.107188 0.070012
v -0.039878 0.142904 0.088452
v -0.039878 0.152783 0.073748
v -0.025538 0.069234 0.045389
v -0.005744 0.069234 0.045389
v -0.044031 0.097343 0.064274
v -0.046688 0.107188 0.070012
v -0.045965 0.142904 0.088452
v 0.011359 0.004697 0.006109
v 0.011359 -0.007042 0.005659
v -0.022847 -0.007042 0.005659
v -0.022847 0.004697 0.006109
v 0.022448 0.113176 0.040707
v 0.022448 0.097343 0.064274
v 0.027667 0.107188 0.070012
v 0.027667 0.122211 0.047653
v 0.028390 0.152783 0.073748
v 0.028390 0.142904 0.088452
v -0.045965 0.152783 0.073748
v -0.022847 0.011969 0.023464
v -0.022847 0.013483 0.036425
v -0.022847 0.019108 0.025680
v -0.022847 0.008916 0.034292
v -0.022847 0.001738 0.029629
v -0.022847 -0.001634 0.026160
v -0.022847 0.008719 0.020309
v -0.022847 0.006688 0.015973
v -0.022847 0.018385 0.037597
v -0.022847 0.074432 0.042957
v -0.022847 0.084399 0.024890
v -0.022847 -0.003654 0.021763
v 0.040424 0.081899 0.000219
v -0.051912 0.081899 0.000219
v -0.051912 0.081878 0.008227
v 0.040424 0.081878 0.008227
v 0.047365 0.074937 0.008209
v 0.047365 0.074958 0.000201
v 0.011359 0.074432 0.042957
v 0.011359 0.014832 0.036932
v 0.011359 0.008916 0.034292
v 0.011359 0.001738 0.029629
v 0.011359 -0.003654 0.021763
v 0.011359 -0.001634 0.026160
v 0.011359 0.012026 0.023498
v 0.011359 0.017665 0.025536
v 0.011359 0.084399 0.024890
v 0.011359 0.008719 0.020309
v 0.011359 0.006688 0.015973
v 0.032543 0.113176 0.040707
v 0.032543 0.097343 0.064274
v 0.014050 0.069234 0.045389
v 0.014050 0.085068 0.021822
v 0.035200 0.122211 0.047653
v 0.035200 0.107188 0.070012
v 0.034477 0.152783 0.073748
v 0.034477 0.142904 0.088452
v -0.005744 0.085068 0.021822
v -0.025538 0.085068 0.021822
v -0.044031 0.113176 0.040707
v -0.046688 0.122211 0.047653
v -0.005744 0.074478 0.037584
v -0.005744 0.079824 0.029626
v -0.058853 -0.077465 0.007802
v -0.058853 0.074937 0.008209
v -0.058853 0.074958 0.000201
v -0.058853 -0.077443 -0.000206
v -0.051912 -0.084406 0.007784
v -0.051912 -0.084384 -0.000224
v 0.040424 -0.084406 0.007784
v 0.047365 -0.077465 0.007802
v 0.040424 -0.084384 -0.000224
v 0.047365 -0.077443 -0.000206
v 0.081981 0.080360 0.122010
v 0.081981 0.043843 0.127443
v 0.059148 0.043843 0.127443
v 0.059148 0.080360 0.122010
v 0.081981 0.142804 0.112719
v 0.059148 0.142804 0.112719
v 0.049504 0.022840 0.130568
v 0.067782 0.022840 0.130568
v 0.049504 -0.017611 0.136587
v 0.067782 -0.017611 0.136587
v 0.058272 -0.061173 0.143068
v 0.080691 -0.061173 0.143068
v 0.058272 -0.122840 0.152243
v 0.080691 -0.122840 0.152243
v -0.060992 0.022840 0.130568
v -0.070636 0.043843 0.127443
v -0.079274 0.022840 0.130568
v -0.093473 0.043843 0.127443
v -0.079274 -0.017611 0.136587
v -0.060992 -0.017611 0.136587
v -0.070636 0.080360 0.122010
v -0.093473 0.080360 0.122010
v -0.070636 0.142804 0.112719
v -0.093473 0.142804 0.112719
v -0.069760 -0.061173 0.143068
v -0.092183 -0.061173 0.143068
v -0.092183 -0.122840 0.152243
v -0.069760 -0.122840 0.152243
v -0.096093 -0.122689 0.153259
v -0.096093 -0.061022 0.144084
v -0.083184 -0.017460 0.137603
v -0.083184 0.022991 0.131584
v -0.097383 0.043994 0.128459
v -0.097383 0.080511 0.123026
v -0.097383 0.142955 0.113735
v 0.084603 -0.122709 0.153124
v 0.084603 -0.061042 0.143949
v 0.071694 -0.017480 0.137468
v 0.071694 0.022971 0.131449
v -0.090532 0.154898 0.111958
v -0.086622 0.154747 0.110942
v -0.066554 0.154747 0.110942
v -0.070636 0.084969 0.152985
v -0.070636 0.048452 0.158418
v -0.070636 0.109015 0.128253
v -0.070636 0.126016 0.120736
v -0.070636 0.143908 0.120142
v -0.070636 0.114250 0.143783
v -0.070636 0.115231 0.131060
v -0.066223 0.155645 0.118880
v 0.059148 0.048452 0.158418
v 0.040733 0.171288 0.118274
v -0.052221 0.171288 0.118274
v 0.062691 0.174675 0.141039
v -0.074179 0.174675 0.141039
v -0.094448 0.159556 0.143289
v 0.083247 0.159341 0.143321
v -0.070813 -0.111586 0.187059
v 0.059325 -0.111586 0.187059
v 0.064779 -0.109300 0.192662
v -0.076267 -0.109300 0.192662
v 0.064396 -0.108682 0.194177
v -0.075884 -0.108682 0.194177
v 0.054143 0.015300 0.168180
v 0.054199 -0.014359 0.172593
v 0.065656 -0.054608 0.178582
v 0.066130 -0.104754 0.186043
v 0.064163 -0.109585 0.186761
v 0.051868 0.020755 0.167368
v -0.057885 0.023015 0.167032
v 0.046397 0.023015 0.167032
v -0.063357 0.020755 0.167368
v 0.057886 0.154190 0.160291
v 0.057886 0.090150 0.169820
v 0.057993 0.090073 0.169694
v 0.057993 0.154227 0.160148
v 0.056978 0.155484 0.160397
v -0.067268 0.156204 0.159737
v 0.055780 0.156204 0.159737
v 0.055490 0.156103 0.160124
v -0.066978 0.156103 0.160124
v 0.057069 0.155516 0.160275
v -0.068466 0.155484 0.160397
v -0.068557 0.155516 0.160275
v -0.075651 -0.109585 0.186761
v -0.100003 -0.056361 0.175415
v -0.100003 -0.118028 0.184590
v -0.087094 -0.012798 0.168933
v -0.087094 0.027652 0.162914
v -0.101293 0.048656 0.159789
v -0.101293 0.085173 0.154356
v -0.101293 0.147614 0.145066
v 0.089805 0.048656 0.159789
v 0.089805 0.085173 0.154356
v 0.089805 0.147617 0.145065
v 0.075606 0.027652 0.162914
v 0.075606 -0.012798 0.168933
v 0.088515 -0.056361 0.175415
v -0.098356 0.084765 0.151614
v -0.098376 0.145771 0.142537
v -0.101293 0.147209 0.142323
v -0.101293 0.084765 0.151614
v -0.098356 0.049129 0.156916
v -0.101293 0.048248 0.157047
v -0.084157 0.028126 0.160041
v -0.087094 0.027244 0.160172
v -0.084157 -0.013623 0.166253
v -0.087094 -0.013206 0.166191
v -0.097066 -0.057186 0.172734
v -0.100003 -0.056769 0.172672
v -0.097066 -0.116979 0.181631
v -0.100003 -0.118436 0.181848
v -0.076913 -0.131866 0.183846
v -0.054741 -0.131866 0.183846
v 0.043253 -0.131866 0.183846
v 0.065421 -0.131895 0.183664
v 0.085578 -0.117037 0.181268
v 0.088515 -0.118490 0.181484
v 0.085580 -0.057240 0.172370
v 0.088515 -0.056823 0.172308
v 0.072670 -0.013677 0.165889
v 0.075606 -0.013261 0.165827
v 0.072670 0.028071 0.159677
v 0.075606 0.027190 0.159808
v 0.086870 0.049075 0.156552
v 0.089805 0.048193 0.156683
v 0.086870 0.084711 0.151250
v 0.089805 0.084711 0.151250
v 0.086870 0.145708 0.142174
v 0.089805 0.147154 0.141959
v 0.086035 0.145419 0.143061
v 0.086035 0.084833 0.152075
v 0.071835 0.028445 0.160465
v 0.071835 -0.013673 0.166732
v 0.084745 -0.057235 0.173214
v 0.086035 0.049448 0.157340
v 0.080324 0.157458 0.140426
v 0.079477 0.157159 0.141314
v 0.083231 0.158891 0.140213
v 0.061919 0.171281 0.138369
v 0.084743 -0.116500 0.182031
v 0.065144 -0.130948 0.184367
v 0.043418 -0.130919 0.184547
v -0.054906 -0.130919 0.184547
v -0.076636 -0.130919 0.184547
v -0.096233 -0.116444 0.182394
v 0.055231 0.154540 0.110973
v 0.055145 0.155652 0.118910
v 0.059148 0.143908 0.120142
v 0.059148 0.126016 0.120736
v 0.059148 0.109015 0.128253
v 0.059148 0.084969 0.152985
v 0.059148 0.115231 0.131060
v 0.059148 0.114250 0.143783
v 0.075407 0.154540 0.110973
v 0.079319 0.154671 0.111854
v 0.085893 0.142935 0.113600
v 0.085893 0.080491 0.122891
v -0.097074 -0.116575 0.184374
v -0.076914 -0.131460 0.186588
v -0.077889 -0.134363 0.187020
v -0.055290 -0.134363 0.187020
v -0.055290 -0.131460 0.186588
v 0.043802 -0.134363 0.187020
v 0.043802 -0.131460 0.186588
v 0.066401 -0.134363 0.187020
v 0.065426 -0.131460 0.186588
v 0.088515 -0.118028 0.184590
v 0.085580 -0.116572 0.184373
v 0.085580 -0.056777 0.175477
v 0.072671 -0.013215 0.168995
v 0.072671 0.028534 0.162783
v -0.097079 -0.056776 0.175476
v -0.084170 -0.013213 0.168995
v -0.084170 0.028530 0.162784
v -0.098369 0.049533 0.159659
v -0.098369 0.085173 0.154356
v -0.098369 0.146173 0.145280
v 0.086870 0.049537 0.159658
v 0.086870 0.085173 0.154356
v 0.086870 0.146170 0.145280
v -0.083323 0.028687 0.162089
v -0.097523 0.085075 0.153699
v -0.097523 0.049690 0.158964
v -0.097523 0.145658 0.144685
v -0.091508 0.158114 0.143556
v -0.090672 0.157605 0.142977
v -0.072450 0.171200 0.141138
v -0.072738 0.172082 0.141623
v 0.080286 0.157882 0.143538
v 0.061373 0.171896 0.141453
v 0.079462 0.157356 0.142773
v 0.061191 0.170943 0.140753
v 0.040742 0.168481 0.119328
v 0.041220 0.167617 0.119111
v -0.051963 0.168591 0.119482
v -0.052122 0.167491 0.119441
v 0.086035 0.145635 0.144516
v -0.069374 0.090150 0.169820
v -0.069374 0.154190 0.160291
v -0.069481 0.154227 0.160148
v -0.069481 0.090073 0.169694
v -0.065687 -0.014359 0.172593
v -0.065631 0.015300 0.168180
v -0.077144 -0.054608 0.178582
v -0.077618 -0.104754 0.186043
v 0.097025 -0.118028 0.184590
v 0.097025 -0.115904 0.198860
v 0.088515 -0.121862 0.158819
v 0.088515 -0.060195 0.149643
v 0.075606 -0.016633 0.143162
v 0.075606 0.023818 0.137143
v 0.089805 0.044821 0.134018
v 0.089805 0.081338 0.128585
v 0.089805 0.143782 0.119294
v 0.085893 0.043974 0.128324
v 0.083231 0.155519 0.117548
v -0.100003 -0.121712 0.159826
v -0.094443 0.155875 0.118524
v -0.094443 0.159152 0.140546
v -0.101293 0.044971 0.135025
v -0.087094 0.023968 0.138150
v -0.087094 -0.016483 0.144169
v -0.100003 -0.060045 0.150650
v -0.101293 0.081488 0.129592
v -0.101293 0.143932 0.120301
v -0.075359 -0.053129 0.185911
v -0.064189 -0.013886 0.180072
v -0.064120 0.022554 0.174650
v -0.064237 0.022590 0.174054
v 0.052749 0.022590 0.174054
v 0.052632 0.022554 0.174650
v 0.055780 0.088062 0.169876
v -0.067268 0.088062 0.169876
v -0.066978 0.088271 0.170216
v 0.055490 0.088271 0.170216
v -0.091549 0.157739 0.140853
v -0.073116 0.171595 0.139054
v -0.090681 0.157421 0.141663
v -0.097523 0.145459 0.143346
v -0.097523 0.084887 0.152438
v 0.054866 0.153889 0.161816
v -0.066354 0.153889 0.161816
v -0.066354 0.090882 0.171191
v 0.054866 0.090882 0.171191
v 0.055323 0.155331 0.161093
v -0.066811 0.155331 0.161093
v -0.068011 0.154084 0.161354
v -0.068011 0.090560 0.170805
v -0.069984 0.156350 0.159009
v -0.069739 0.156976 0.158767
v -0.069743 0.156978 0.158766
v -0.070846 0.156281 0.158795
v -0.070844 0.156278 0.158797
v 0.084744 -0.116282 0.183486
v 0.065147 -0.130757 0.185640
v -0.083323 -0.013431 0.168356
v -0.083323 0.028499 0.160828
v -0.083323 -0.013619 0.167095
v -0.097523 0.049502 0.157703
v -0.096233 -0.056994 0.174837
v -0.096233 -0.057181 0.173576
v -0.096233 -0.116268 0.183571
v 0.086035 0.085050 0.153531
v 0.086035 0.049665 0.158795
v 0.071835 -0.013456 0.168187
v 0.084745 -0.057019 0.174669
v 0.071835 0.028662 0.161921
v -0.052467 0.166971 0.118874
v -0.072671 0.170923 0.139931
v 0.041935 0.167477 0.118349
v 0.061511 0.170605 0.139312
v 0.043636 -0.130757 0.185640
v -0.055124 -0.130757 0.185640
v -0.076636 -0.130757 0.185640
v 0.042411 0.168252 0.117620
v -0.052788 0.167444 0.118137
v 0.059355 0.087718 0.168997
v 0.059355 0.156278 0.158797
v 0.061012 0.151584 0.161926
v 0.059355 0.156278 0.158797
v 0.059355 0.156278 0.158797
v 0.052701 -0.013886 0.180072
v 0.063871 -0.053129 0.185911
v 0.058496 0.156350 0.159009
v 0.058251 0.156976 0.158767
v 0.058255 0.156978 0.158766
v 0.059358 0.156281 0.158795
v 0.058255 0.156978 0.158766
v 0.058255 0.156978 0.158766
v 0.054111 0.158417 0.160910
v -0.065599 0.158417 0.160910
v -0.069739 0.156976 0.158767
v -0.069739 0.156976 0.158767
v -0.070844 0.087718 0.168997
v -0.070846 0.156281 0.158795
v -0.070846 0.156281 0.158795
v -0.072500 0.151582 0.161927
v -0.069984 0.087710 0.169222
v -0.068466 0.088942 0.170297
v -0.069739 0.087041 0.169173
v 0.058496 0.087710 0.169222
v 0.056978 0.088942 0.170297
v 0.058251 0.087041 0.169173
v 0.056433 0.155205 0.161092
v 0.056523 0.154084 0.161354
v -0.067921 0.155205 0.161092
v -0.067921 0.089412 0.170881
v -0.068557 0.088877 0.170190
v -0.066811 0.089292 0.170919
v 0.055323 0.089292 0.170919
v 0.056433 0.089412 0.170881
v 0.056523 0.090560 0.170805
v 0.057069 0.088877 0.170190
v 0.097025 -0.054237 0.189685
v 0.097025 -0.056361 0.175415
v 0.099375 -0.055200 0.189828
v 0.099375 -0.057323 0.175558
v 0.100348 -0.112618 0.198371
v 0.100348 -0.057524 0.190174
v 0.097183 -0.055238 0.189834
v 0.097183 -0.114904 0.198712
v 0.096040 -0.055599 0.189888
v 0.096040 -0.114543 0.198658
v 0.099375 -0.114942 0.198717
v 0.100348 -0.059647 0.175904
v 0.100348 -0.114741 0.184101
v 0.099375 -0.117065 0.184447
v 0.092823 -0.055977 0.187346
v 0.096040 -0.055977 0.187346
v 0.092823 -0.055599 0.189888
v 0.092823 -0.114543 0.198658
v 0.096040 -0.114921 0.196116
v 0.092823 -0.114921 0.196116
v -0.010565 0.065584 0.151048
v -0.010565 0.060925 0.162356
v -0.010565 0.071791 0.166833
v -0.010565 0.076893 0.155707
v -0.010565 0.072339 0.166758
v -0.010565 0.095744 0.136476
v -0.010565 0.085125 0.130764
v -0.005744 0.065584 0.151048
v -0.005744 0.060925 0.162356
v -0.005744 0.085125 0.130764
v -0.010565 0.092613 0.122991
v -0.007260 0.094906 0.120611
v -0.005744 0.094906 0.120611
v -0.023469 0.092613 0.122991
v -0.020164 0.094906 0.120611
v -0.013870 0.094906 0.120611
v -0.023469 0.089377 0.126350
v -0.010565 0.097256 0.118172
v -0.010565 0.136873 0.077047
v -0.005744 0.136873 0.077047
v -0.031387 0.091986 0.123641
v -0.031387 0.094906 0.120611
v -0.026774 0.094906 0.120611
v -0.023523 0.097266 0.118178
v -0.032192 0.129928 0.084507
v -0.024274 0.129928 0.084507
v -0.005744 0.072339 0.166758
v -0.005744 0.076893 0.155707
v -0.005744 0.095744 0.136476
v -0.010565 0.102866 0.129211
v -0.005744 0.105179 0.126851
v -0.007260 0.105179 0.126851
v -0.023469 0.099846 0.132292
v -0.023469 0.102866 0.129211
v -0.013870 0.105179 0.126851
v -0.020164 0.105179 0.126851
v -0.031387 0.102363 0.129724
v -0.026774 0.105179 0.126851
v -0.031387 0.105179 0.126851
v -0.023523 0.107539 0.124418
v -0.024274 0.140202 0.090747
v -0.032192 0.140202 0.090747
v -0.010565 0.107555 0.124427
v -0.005744 0.145666 0.085549
v -0.010565 0.145666 0.085549
v -0.005744 0.058604 0.149611
v -0.005744 0.057206 0.152226
v -0.012055 0.057206 0.152226
v -0.012055 0.058604 0.149611
v -0.012055 0.056345 0.155064
v -0.005744 0.056345 0.155064
v -0.012055 0.056054 0.158015
v -0.005744 0.056054 0.158015
v -0.005744 0.060485 0.147318
v -0.012055 0.060485 0.147318
v -0.005744 0.062778 0.145437
v -0.012055 0.062778 0.145437
v -0.005744 0.086311 0.158015
v -0.005744 0.086020 0.155064
v -0.012055 0.086020 0.155064
v -0.012055 0.086311 0.158015
v -0.012055 0.085159 0.152226
v -0.005744 0.085159 0.152226
v -0.012055 0.083761 0.149611
v -0.005744 0.083761 0.149611
v -0.012055 0.081880 0.147318
v -0.005744 0.081880 0.147318
v -0.005744 0.086020 0.160967
v -0.012055 0.086020 0.160967
v -0.005744 0.085159 0.163805
v -0.012055 0.085159 0.163805
v -0.005744 0.083761 0.166420
v -0.012055 0.083761 0.166420
v -0.005744 0.082323 0.168173
v -0.012055 0.082323 0.168173
v -0.005744 0.056345 0.160967
v -0.012055 0.056345 0.160967
v -0.012055 0.057206 0.163805
v -0.005744 0.057206 0.163805
v -0.012055 0.058604 0.166420
v -0.005744 0.058604 0.166420
v -0.012055 0.059968 0.168082
v -0.005744 0.059968 0.168082
v -0.005744 0.079587 0.145437
v -0.012055 0.079587 0.145437
v -0.012055 0.076972 0.144039
v -0.005744 0.076972 0.144039
v -0.012055 0.074134 0.143178
v -0.005744 0.074134 0.143178
v -0.012055 0.071183 0.142887
v -0.005744 0.071183 0.142887
v -0.012055 0.068231 0.143178
v -0.005744 0.068231 0.143178
v -0.012055 0.065393 0.144039
v -0.005744 0.065393 0.144039
v -0.005744 0.071791 0.166833
v -0.097823 -0.003412 0.182732
v -0.090243 -0.003412 0.182732
v -0.090243 0.024012 0.178651
v -0.097823 0.024012 0.178651
v -0.087945 -0.005811 0.182126
v -0.087945 0.026131 0.177374
v -0.100120 0.026131 0.177374
v -0.100120 -0.005811 0.182126
v -0.086994 -0.017789 0.137488
v -0.086994 0.024595 0.131182
v -0.086994 0.020488 0.137038
v -0.086994 -0.012155 0.141895
v -0.086994 0.026701 0.174967
v -0.086994 -0.007057 0.179989
v -0.005744 0.024595 0.131182
v -0.005744 0.021880 0.112938
v -0.086994 0.021880 0.112938
v -0.101072 0.024595 0.131182
v -0.101072 0.021880 0.112938
v -0.101072 0.020488 0.137038
v -0.104503 0.023297 0.130823
v -0.104503 0.019427 0.136342
v -0.104503 0.020739 0.113626
v -0.101072 0.026701 0.174967
v -0.005744 0.012880 0.107867
v -0.005744 -0.013369 0.111772
v -0.086994 -0.013369 0.111772
v -0.086994 0.012880 0.107867
v -0.101072 0.012880 0.107867
v -0.101072 -0.013369 0.111772
v -0.086994 -0.020503 0.119244
v -0.101072 -0.020503 0.119244
v -0.104503 -0.019211 0.119570
v -0.104503 -0.012487 0.112528
v -0.104503 0.012255 0.108846
v -0.005744 -0.020503 0.119244
v -0.104503 -0.011342 0.140920
v -0.101072 -0.012155 0.141895
v -0.104503 -0.016652 0.136767
v -0.101072 -0.017789 0.137488
v -0.101072 -0.007057 0.179989
v -0.005744 -0.017789 0.137488
v -0.000924 0.071791 0.166833
v -0.000924 0.060925 0.162356
v -0.000924 0.065584 0.151048
v -0.000924 0.076893 0.155707
v -0.000924 0.072339 0.166758
v -0.000924 0.095744 0.136476
v -0.000924 0.085125 0.130764
v -0.000924 0.092613 0.122991
v -0.004228 0.094906 0.120611
v 0.011981 0.089377 0.126350
v 0.011981 0.092613 0.122991
v 0.002382 0.094906 0.120611
v 0.008676 0.094906 0.120611
v -0.000924 0.097256 0.118172
v -0.000924 0.136873 0.077047
v 0.019899 0.091986 0.123641
v 0.015286 0.094906 0.120611
v 0.019899 0.094906 0.120611
v 0.012035 0.097266 0.118178
v 0.012786 0.129928 0.084507
v 0.020704 0.129928 0.084507
v -0.000924 0.102866 0.129211
v -0.004228 0.105179 0.126851
v 0.011981 0.102866 0.129211
v 0.008676 0.105179 0.126851
v 0.002382 0.105179 0.126851
v 0.011981 0.099846 0.132292
v 0.019899 0.102363 0.129724
v 0.019899 0.105179 0.126851
v 0.015286 0.105179 0.126851
v 0.012035 0.107539 0.124418
v 0.020704 0.140202 0.090747
v 0.012786 0.140202 0.090747
v -0.000924 0.107555 0.124427
v -0.000924 0.145666 0.085549
v 0.000567 0.058604 0.149611
v 0.000567 0.057206 0.152226
v 0.000567 0.056345 0.155064
v 0.000567 0.056054 0.158015
v 0.000567 0.060485 0.147318
v 0.000567 0.086311 0.158015
v 0.000567 0.086020 0.155064
v 0.000567 0.085159 0.152226
v 0.000567 0.083761 0.149611
v 0.000567 0.081880 0.147318
v 0.000567 0.086020 0.160967
v 0.000567 0.085159 0.163805
v 0.000567 0.083761 0.166420
v 0.000567 0.082323 0.168173
v 0.000567 0.056345 0.160967
v 0.000567 0.057206 0.163805
v 0.000567 0.058604 0.166420
v 0.000567 0.059968 0.168082
v 0.000567 0.079587 0.145437
v 0.000567 0.076972 0.144039
v 0.000567 0.074134 0.143178
v 0.000567 0.071183 0.142887
v 0.000567 0.068231 0.143178
v 0.000567 0.065393 0.144039
v 0.000567 0.062778 0.145437
v 0.086335 -0.003412 0.182732
v 0.086335 0.024012 0.178651
v 0.078755 0.024012 0.178651
v 0.078755 -0.003412 0.182732
v 0.076457 -0.005811 0.182126
v 0.076457 0.026131 0.177374
v 0.088632 0.026131 0.177374
v 0.088632 -0.005811 0.182126
v 0.075506 -0.017789 0.137488
v 0.075506 -0.012155 0.141895
v 0.075506 0.020488 0.137038
v 0.075506 0.024595 0.131182
v 0.075506 0.026701 0.174967
v 0.075506 -0.007057 0.179989
v 0.075506 0.021880 0.112938
v 0.089584 0.024595 0.131182
v 0.089584 0.021880 0.112938
v 0.089584 0.020488 0.137038
v 0.093014 0.023297 0.130823
v 0.093014 0.019427 0.136342
v 0.093014 0.020739 0.113626
v 0.089584 0.026701 0.174967
v 0.075506 0.012880 0.107867
v 0.075506 -0.013369 0.111772
v 0.089584 0.012880 0.107867
v 0.089584 -0.013369 0.111772
v 0.075506 -0.020503 0.119244
v 0.089584 -0.020503 0.119244
v 0.093014 -0.019211 0.119570
v 0.093014 -0.012487 0.112528
v 0.093014 0.012255 0.108846
v 0.089584 -0.012155 0.141895
v 0.093014 -0.011342 0.140920
v 0.093014 -0.016652 0.136767
v 0.089584 -0.017789 0.137488
v 0.089584 -0.007057 0.179989
vn -0.0000 -0.9891 0.1472
vn -0.0000 0.9891 -0.1472
vn -0.0000 0.1472 0.9891
vn -0.0000 0.1471 0.9891
vn 0.0001 0.1471 0.9891
vn 0.0409 0.9919 -0.1204
vn 0.0408 0.9919 -0.1204
vn -1.0000 -0.0000 -0.0000
vn 1.0000 -0.0000 -0.0000
vn -0.0011 -0.8991 -0.4376
vn -0.0108 -0.9885 -0.1507
vn -0.0083 -0.9941 -0.1081
vn 0.0007 -0.8908 -0.4544
vn -0.0008 0.9570 0.2902
vn -0.0114 0.9999 -0.0111
vn -0.0091 0.9995 0.0307
vn -0.0006 0.9437 0.3307
vn -0.0105 0.9476 -0.3194
vn -0.0095 0.9409 -0.3386
vn 0.0097 0.7656 -0.6432
vn 0.0110 0.7516 -0.6595
vn -0.0106 -0.4466 0.8947
vn -0.0061 -0.6974 0.7167
vn -0.0018 -0.5901 0.8073
vn 0.0003 -0.1174 0.9931
vn 0.0012 -0.2177 0.9760
vn -0.0008 0.2715 0.9624
vn -0.0008 0.1716 0.9852
vn 0.0153 -0.8619 0.5069
vn 0.0157 -0.8705 0.4919
vn -0.9634 -0.0666 -0.2597
vn -0.9602 -0.1474 -0.2374
vn -0.9633 -0.0529 -0.2633
vn -0.9650 -0.0352 -0.2599
vn -0.9687 0.0293 -0.2466
vn -0.9684 0.0594 -0.2423
vn -0.9598 0.1432 -0.2416
vn -0.9596 -0.1760 -0.2194
vn -0.9595 -0.2434 -0.1419
vn -0.9581 -0.2583 -0.1241
vn -0.9599 -0.2802 0.0029
vn -0.9602 -0.2651 -0.0875
vn -0.9640 -0.2228 0.1451
vn -0.9572 -0.2863 0.0434
vn -0.9579 0.1557 -0.2413
vn -0.9586 0.1800 -0.2209
vn -0.9574 0.2216 -0.1849
vn -0.9575 0.2475 -0.1482
vn -0.9622 0.2628 -0.0711
vn -0.9633 0.2652 -0.0415
vn -0.9638 0.2639 0.0385
vn -0.9650 0.2535 0.0669
vn -0.9633 0.2635 0.0519
vn -0.9687 0.2166 0.1214
vn -0.9688 0.2009 0.1453
vn -0.9640 0.1628 0.2102
vn -0.9630 0.1486 0.2247
vn -0.9607 0.0733 0.2678
vn -0.9602 0.0523 0.2745
vn -0.9600 -0.0344 0.2778
vn -0.9601 -0.0553 0.2740
vn -0.9631 -0.1302 0.2356
vn -0.9635 -0.1477 0.2233
vn -0.9644 -0.2075 0.1640
vn 0.0106 -0.4466 0.8947
vn -0.0003 -0.1174 0.9931
vn -0.0011 -0.2177 0.9760
vn 0.0018 -0.5901 0.8073
vn 0.0062 -0.6975 0.7166
vn -0.0154 -0.8618 0.5070
vn -0.0157 -0.8705 0.4919
vn -0.0079 -0.9867 0.1621
vn -0.0104 -0.9788 0.2047
vn 0.0083 -0.9941 -0.1080
vn 0.0109 -0.9885 -0.1507
vn 0.0080 0.6082 0.7938
vn 0.0044 0.5272 0.8497
vn 0.0008 0.2715 0.9624
vn -0.0080 0.6082 0.7938
vn -0.0044 0.5272 0.8497
vn 0.0008 0.1715 0.9852
vn -0.0056 0.8255 0.5644
vn -0.0075 0.7993 0.6009
vn -0.9968 0.0322 0.0735
vn -0.9976 0.0518 0.0462
vn -0.9974 0.0670 0.0247
vn -0.9968 0.0323 0.0735
vn -0.9968 0.0323 0.0736
vn -0.9973 -0.0002 0.0729
vn -0.9971 -0.0249 0.0724
vn -0.9961 0.0883 -0.0054
vn -0.9959 -0.0552 0.0718
vn -0.9959 -0.0553 0.0717
vn -0.9974 -0.0626 0.0345
vn -0.9977 -0.0680 0.0073
vn -0.9968 -0.0747 -0.0272
vn -0.9977 -0.0573 -0.0357
vn -0.9974 0.0136 -0.0703
vn -0.9968 0.0252 -0.0759
vn -0.9968 0.0251 -0.0759
vn -0.9971 0.0728 -0.0228
vn -0.9974 0.0387 -0.0609
vn -0.0031 -0.6365 -0.7713
vn -0.0064 -0.2974 -0.9547
vn -0.0050 -0.2613 -0.9652
vn 0.0038 -0.5119 -0.8590
vn -0.0000 0.0395 -0.9992
vn -0.0000 0.0041 -1.0000
vn -0.0099 0.3383 -0.9410
vn -0.0078 0.3030 -0.9530
vn 0.0057 -0.7345 -0.6786
vn -0.0084 -0.8846 -0.4664
vn -0.0083 -0.8928 -0.4504
vn 0.0162 0.4642 -0.8856
vn -0.0038 0.0943 -0.9955
vn -0.0044 0.2499 -0.9683
vn 0.0176 0.5083 -0.8610
vn -0.0142 -0.0363 -0.9992
vn 0.0122 -0.2142 -0.9767
vn 0.0019 -0.3442 -0.9389
vn 0.0036 -0.4829 -0.8756
vn -0.0159 -0.6760 -0.7367
vn -0.0164 -0.7081 -0.7059
vn -0.0008 -0.8909 -0.4543
vn 0.0012 -0.8991 -0.4377
vn 0.0142 -0.0363 -0.9992
vn -0.0019 -0.3443 -0.9389
vn -0.0122 -0.2142 -0.9767
vn 0.0038 0.0944 -0.9955
vn -0.0036 -0.4830 -0.8756
vn 0.0164 -0.7081 -0.7059
vn 0.0157 -0.6762 -0.7365
vn 0.0056 0.8255 0.5644
vn 0.0074 0.7992 0.6010
vn 0.0008 0.9570 0.2902
vn 0.0006 0.9437 0.3307
vn 0.0114 0.9999 -0.0111
vn 0.0091 0.9995 0.0307
vn 0.0104 0.9476 -0.3193
vn 0.0094 0.9409 -0.3385
vn 0.0064 -0.2975 -0.9547
vn 0.0031 -0.6366 -0.7712
vn -0.0038 -0.5119 -0.8590
vn 0.0050 -0.2613 -0.9652
vn -0.0000 0.0394 -0.9992
vn 0.0078 0.3030 -0.9530
vn 0.0099 0.3384 -0.9410
vn 0.0092 0.6130 -0.7900
vn 0.0080 0.6284 -0.7778
vn 0.0001 0.8800 0.4750
vn -0.0097 0.9821 0.1880
vn -0.0076 0.9744 0.2248
vn 0.0001 0.8628 0.5055
vn -0.0092 0.9920 -0.1257
vn -0.0081 0.9895 -0.1442
vn -0.0002 0.8736 -0.4866
vn -0.0002 0.8637 -0.5040
vn -0.0074 0.4370 0.8994
vn -0.0051 0.6976 0.7165
vn -0.0065 0.6704 0.7420
vn -0.0047 0.3584 0.9336
vn -0.0001 0.0726 0.9974
vn -0.0000 -0.0183 0.9998
vn 0.0046 -0.3070 0.9517
vn 0.0072 -0.3875 0.9219
vn 0.0143 -0.6354 0.7721
vn 0.0149 -0.6660 0.7458
vn 0.0094 -0.8689 0.4949
vn 0.0086 -0.8783 0.4780
vn -0.9936 -0.0011 -0.1127
vn -0.9924 -0.0778 -0.0959
vn -0.9929 0.0190 -0.1170
vn -0.9944 0.0944 -0.0478
vn -0.9944 0.0405 -0.0974
vn -0.9926 0.1189 -0.0250
vn -0.9933 0.1152 -0.0099
vn -0.9928 0.0939 0.0742
vn -0.9908 -0.1004 -0.0908
vn -0.9908 -0.1005 -0.0908
vn -0.9916 -0.1045 -0.0761
vn -0.9923 -0.1237 -0.0036
vn -0.9917 0.0892 0.0923
vn -0.9917 0.0891 0.0923
vn -0.9925 0.0562 0.1082
vn -0.9923 0.0311 0.1202
vn -0.9908 -0.0003 0.1350
vn -0.9916 -0.0158 0.1280
vn -0.9923 -0.0662 0.1051
vn -0.9918 -0.1271 0.0094
vn -0.9919 -0.1270 0.0093
vn -0.9930 -0.1105 0.0408
vn -0.9931 -0.0973 0.0656
vn -0.9919 -0.0794 0.0990
vn -0.9919 -0.0794 0.0989
vn 0.0157 -0.3417 -0.9397
vn 0.0089 -0.6708 -0.7416
vn 0.0102 -0.6549 -0.7557
vn 0.0165 -0.3827 -0.9237
vn -0.0000 -0.8894 -0.4572
vn -0.0000 -0.8994 -0.4372
vn -0.0000 -0.9966 -0.0821
vn -0.0000 -0.9982 -0.0595
vn 0.0073 0.4623 -0.8867
vn -0.0033 0.1244 -0.9922
vn 0.0031 0.2110 -0.9775
vn 0.0056 0.4990 -0.8666
vn -0.0073 -0.1434 -0.9896
vn -0.0056 -0.1838 -0.9829
vn -0.0071 0.7429 -0.6694
vn -0.0054 0.7150 -0.6991
vn 0.0072 -0.4800 -0.8772
vn 0.0056 -0.4432 -0.8964
vn -0.0036 -0.6675 -0.7446
vn -0.0021 -0.7731 -0.6343
vn 0.0048 0.3034 -0.9529
vn -0.0080 -0.0635 -0.9979
vn -0.0048 0.0299 -0.9995
vn 0.0080 0.3909 -0.9204
vn -0.0157 -0.3417 -0.9397
vn -0.0165 -0.3828 -0.9237
vn 0.0156 0.6340 -0.7732
vn 0.0165 0.6674 -0.7446
vn -0.0102 -0.6549 -0.7557
vn -0.0089 -0.6708 -0.7416
vn 0.0037 -0.6255 0.7802
vn -0.0165 -0.3826 0.9238
vn -0.0156 -0.4229 0.9061
vn -0.0103 -0.0712 0.9974
vn -0.0093 -0.0498 0.9987
vn -0.0000 0.3056 0.9522
vn -0.0000 0.3270 0.9450
vn -0.0000 0.6467 0.7627
vn -0.0000 0.6636 0.7481
vn -0.0024 -0.7397 0.6730
vn 0.0062 -0.8239 0.5667
vn -0.0058 -0.9467 0.3220
vn -0.0052 -0.9536 0.3012
vn -0.0037 -0.6256 0.7802
vn -0.0062 -0.8239 0.5667
vn 0.0025 -0.7397 0.6730
vn 0.0165 -0.3825 0.9238
vn 0.0156 -0.4229 0.9060
vn 0.0103 -0.0712 0.9974
vn 0.0093 -0.0498 0.9987
vn 0.0058 -0.9467 0.3220
vn 0.0052 -0.9536 0.3012
vn 0.9826 0.1312 0.1311
vn 0.9817 0.1754 0.0745
vn 0.9801 0.1947 0.0375
vn 0.9795 0.1956 0.0481
vn 0.9813 0.1878 -0.0425
vn 0.9816 0.1132 0.1538
vn 0.9820 0.1041 0.1573
vn 0.9816 0.0176 0.1900
vn 0.9810 0.1870 -0.0510
vn 0.9828 0.1451 -0.1145
vn 0.9827 0.1626 -0.0882
vn 0.9813 0.1220 -0.1487
vn 0.9824 0.0989 -0.1583
vn 0.9825 0.0416 -0.1815
vn 0.9813 0.0149 -0.1920
vn 0.9821 -0.0001 -0.1886
vn 0.9830 -0.0485 -0.1771
vn 0.9811 -0.0017 0.1936
vn 0.9794 -0.0756 0.1871
vn 0.9788 -0.0861 0.1860
vn 0.9803 -0.1071 0.1662
vn 0.9806 -0.1547 0.1206
vn 0.9846 -0.0944 -0.1469
vn 0.9848 -0.1194 -0.1260
vn 0.9836 -0.1500 -0.1002
vn 0.9841 -0.1768 -0.0170
vn 0.9845 -0.1578 -0.0766
vn 0.9828 -0.1838 0.0203
vn 0.9806 -0.1754 0.0876
vn 0.9795 -0.1734 0.1024
vn 0.9650 -0.2613 0.0239
vn 0.9631 -0.2519 0.0948
vn 0.9645 -0.1937 0.1794
vn 0.9628 -0.2420 0.1200
vn 0.9648 -0.2621 -0.0209
vn 0.9611 -0.2597 -0.0943
vn 0.9581 -0.2583 -0.1241
vn 0.9596 -0.1760 -0.2193
vn 0.9595 -0.2434 -0.1419
vn 0.9602 -0.1474 -0.2374
vn 0.9634 -0.0666 -0.2598
vn 0.9632 -0.0529 -0.2633
vn 0.9650 -0.0351 -0.2599
vn 0.9687 0.0293 -0.2466
vn 0.9613 -0.1128 0.2513
vn 0.9642 -0.1736 0.2003
vn 0.9601 -0.0827 0.2670
vn 0.9556 0.0163 0.2942
vn 0.9532 0.0385 0.2999
vn 0.9553 0.0525 0.2908
vn 0.9628 0.1465 0.2272
vn 0.9684 0.0594 -0.2423
vn 0.9597 0.1432 -0.2416
vn 0.9578 0.1557 -0.2414
vn 0.9585 0.1800 -0.2209
vn 0.9574 0.2216 -0.1849
vn 0.9575 0.2475 -0.1482
vn 0.9622 0.2629 -0.0710
vn 0.9633 0.2652 -0.0415
vn 0.9638 0.2639 0.0385
vn 0.9650 0.2536 0.0670
vn 0.9632 0.2636 0.0519
vn 0.9687 0.2166 0.1214
vn 0.9688 0.2009 0.1453
vn 0.9640 0.1629 0.2102
vn 0.0117 -0.9972 -0.0734
vn 0.0001 -0.9629 0.2697
vn 0.0001 -0.9848 0.1740
vn 0.0068 -0.9734 -0.2290
vn 0.0001 -0.8433 0.5375
vn -0.0000 -0.7862 0.6180
vn -0.0115 -0.6103 0.7921
vn 0.0023 -0.4743 0.8803
vn -0.0001 -0.7862 0.6180
vn -0.0001 -0.8433 0.5375
vn 0.0115 -0.6104 0.7920
vn -0.0001 -0.9848 0.1740
vn -0.0001 -0.9629 0.2697
vn 0.0063 -0.3443 0.9388
vn -0.0057 -0.0762 0.9971
vn -0.0051 -0.0549 0.9985
vn -0.0023 -0.4743 0.8803
vn -0.0062 -0.3444 0.9388
vn 0.0057 -0.0762 0.9971
vn 0.0051 -0.0549 0.9985
vn -0.0114 0.9924 -0.1227
vn -0.0061 0.9834 0.1814
vn -0.0021 0.9992 0.0393
vn 0.0081 0.8977 -0.4406
vn 0.0050 0.9346 -0.3557
vn 0.0059 0.8971 0.4417
vn 0.0053 0.8876 0.4606
vn -0.0000 0.6637 0.7480
vn -0.0001 0.6475 0.7621
vn 0.0080 -0.0635 -0.9980
vn -0.0048 0.3033 -0.9529
vn -0.0080 0.3909 -0.9204
vn 0.0048 0.0299 -0.9995
vn -0.0165 0.6674 -0.7445
vn -0.0157 0.6340 -0.7732
vn -0.0081 0.8977 -0.4406
vn -0.0050 0.9346 -0.3556
vn 0.0115 0.9924 -0.1227
vn 0.0021 0.9992 0.0393
vn -0.0287 0.4250 0.9047
vn -0.0287 0.4098 0.9117
vn -0.0128 0.6851 0.7283
vn 0.0008 0.7589 0.6512
vn -0.0139 0.0780 0.9969
vn -0.0041 -0.0087 1.0000
vn 0.0146 -0.2912 0.9565
vn 0.0154 -0.3308 0.9436
vn 0.0009 -0.6055 0.7959
vn -0.0009 -0.6204 0.7843
vn -0.0117 -0.9972 -0.0734
vn -0.0124 -0.9312 -0.3643
vn -0.0067 -0.9734 -0.2290
vn 0.0127 -0.8506 -0.5257
vn 0.0021 -0.7731 -0.6343
vn 0.0036 -0.6675 -0.7446
vn -0.0056 -0.4432 -0.8964
vn -0.0072 -0.4799 -0.8773
vn 0.0072 -0.1433 -0.9897
vn 0.0004 0.9729 -0.2312
vn -0.0176 0.9939 0.1089
vn 0.0023 0.9988 -0.0479
vn -0.0025 0.9273 0.3743
vn -0.0062 0.9015 0.4328
vn -0.0008 0.7589 0.6512
vn 0.0128 0.6851 0.7284
vn 0.0062 0.9015 0.4328
vn 0.0025 0.9273 0.3743
vn 0.0176 0.9939 0.1089
vn -0.0023 0.9988 -0.0479
vn -0.0004 0.9729 -0.2312
vn -0.0174 0.8733 -0.4868
vn -0.0156 0.8628 -0.5052
vn -0.0029 -0.9649 0.2627
vn -0.0155 -0.8319 0.5548
vn -0.0147 -0.8543 0.5196
vn 0.0028 -0.9835 0.1809
vn 0.0068 -0.9960 -0.0895
vn 0.0053 -0.9917 -0.1287
vn 0.0054 0.7150 -0.6991
vn 0.0071 0.7429 -0.6694
vn -0.0029 -0.7685 -0.6399
vn -0.0122 -0.4655 -0.8850
vn -0.0011 -0.6008 -0.7994
vn 0.0115 -0.9146 -0.4042
vn 0.0147 -0.8967 -0.4424
vn 0.0109 -0.1478 -0.9890
vn 0.0098 -0.1258 -0.9920
vn -0.0068 -0.9960 -0.0895
vn -0.0053 -0.9917 -0.1287
vn 0.0065 0.7156 -0.6985
vn -0.0103 0.3882 -0.9215
vn -0.0080 0.4264 -0.9045
vn 0.0080 0.7408 -0.6717
vn -0.0062 0.0870 -0.9962
vn -0.0054 0.0687 -0.9976
vn 0.0001 -0.2219 -0.9751
vn -0.0004 -0.4880 -0.8729
vn 0.0003 -0.5027 -0.8644
vn -0.0000 -0.7262 -0.6875
vn 0.0051 -0.8937 -0.4487
vn 0.0061 -0.9015 -0.4327
vn 0.0204 -0.0007 0.9998
vn -0.0040 0.3838 0.9234
vn -0.0002 0.3469 0.9379
vn 0.0196 0.0143 0.9997
vn 0.0017 -0.2780 0.9606
vn -0.0037 -0.4626 0.8866
vn -0.0093 0.6556 0.7551
vn -0.0084 0.6700 0.7423
vn -0.0174 -0.5954 0.8032
vn -0.0000 -0.7887 0.6148
vn 0.0001 -0.8416 0.5401
vn 0.0029 -0.7685 -0.6399
vn -0.0115 -0.9146 -0.4042
vn -0.0148 -0.8967 -0.4424
vn 0.0011 -0.6008 -0.7994
vn 0.0123 -0.4654 -0.8850
vn -0.0046 -0.3069 0.9517
vn -0.0142 -0.6354 0.7720
vn -0.0149 -0.6660 0.7458
vn -0.0072 -0.3875 0.9219
vn 0.0001 0.0726 0.9974
vn -0.0000 -0.0184 0.9998
vn 0.0074 0.4369 0.8995
vn 0.0047 0.3584 0.9336
vn 0.0052 0.6976 0.7165
vn 0.0065 0.6704 0.7419
vn -0.9944 0.1031 0.0219
vn -0.9963 0.0472 0.0720
vn -0.9962 0.0719 0.0500
vn -0.9944 0.1031 0.0218
vn -0.9952 0.0977 0.0096
vn -0.9955 0.0610 -0.0727
vn -0.9947 0.0132 0.1021
vn -0.9967 -0.0556 0.0584
vn -0.9967 -0.0253 0.0777
vn -0.9948 -0.0971 0.0316
vn -0.9965 -0.0830 -0.0135
vn -0.9962 -0.0718 -0.0488
vn -0.9937 -0.0563 -0.0974
vn -0.9956 -0.0168 -0.0919
vn -0.9961 0.0150 -0.0873
vn -0.9951 0.0571 -0.0812
vn -0.7850 -0.5794 -0.2194
vn -0.7861 -0.3071 -0.5364
vn -0.7696 -0.4593 -0.4436
vn -0.7709 -0.5620 -0.2998
vn -0.7622 -0.3140 -0.5661
vn -0.7683 -0.6356 -0.0759
vn -0.7823 -0.6018 0.1608
vn -0.7718 -0.6257 0.1132
vn -0.7684 -0.5650 0.3005
vn -0.7769 -0.4387 0.4516
vn -0.7769 -0.4378 0.4526
vn -0.7654 -0.2741 0.5822
vn -0.7764 -0.1535 0.6113
vn -0.7647 -0.0633 0.6413
vn -0.7744 0.1715 0.6090
vn -0.7746 0.1837 0.6053
vn -0.7672 0.4040 0.4982
vn -0.7795 0.4539 0.4318
vn -0.7674 0.5411 0.3440
vn -0.7796 0.6160 0.1131
vn -0.7687 0.6120 0.1860
vn -0.7658 0.6430 -0.0095
vn -0.7764 0.5956 -0.2060
vn -0.7765 0.5973 -0.2009
vn -0.7653 0.4919 -0.4151
vn -0.7818 0.3842 -0.4911
vn -0.7651 0.2890 -0.5754
vn -0.7778 0.0494 -0.6266
vn -0.7777 0.0516 -0.6265
vn -0.7678 -0.1442 -0.6242
vn 0.7769 -0.4388 0.4516
vn 0.7764 -0.1535 0.6113
vn 0.7654 -0.2741 0.5822
vn 0.7769 -0.4378 0.4525
vn 0.7823 -0.6018 0.1608
vn 0.7684 -0.5650 0.3005
vn 0.7718 -0.6257 0.1131
vn 0.7850 -0.5794 -0.2194
vn 0.7683 -0.6356 -0.0759
vn 0.7709 -0.5620 -0.2998
vn 0.7647 -0.0633 0.6413
vn 0.7745 0.1837 0.6053
vn 0.7744 0.1715 0.6090
vn 0.7671 0.4038 0.4984
vn 0.7795 0.4538 0.4317
vn 0.7674 0.5411 0.3440
vn 0.7796 0.6160 0.1131
vn -0.0141 -0.4408 -0.8975
vn 0.0218 0.2175 -0.9758
vn 0.0130 0.0349 -0.9993
vn -0.0237 -0.5834 -0.8119
vn 0.0223 0.7226 -0.6909
vn 0.0192 0.7735 -0.6335
vn -0.0132 -0.8896 -0.4565
vn -0.0100 -0.9044 -0.4265
vn 0.0105 -0.9788 0.2047
vn 0.0078 -0.9867 0.1622
vn -0.0012 0.9749 -0.2225
vn -0.0010 0.9175 -0.3977
vn -0.0067 0.8785 -0.4777
vn -0.0089 0.9936 -0.1123
vn 0.0013 0.8203 -0.5720
vn -0.0041 0.6919 -0.7220
vn -0.0040 0.6921 -0.7218
vn -0.0010 0.9999 -0.0163
vn -0.0130 0.0349 -0.9993
vn -0.0218 0.2175 -0.9758
vn 0.0141 -0.4408 -0.8975
vn 0.0237 -0.5834 -0.8119
vn -0.0223 0.7226 -0.6909
vn -0.0192 0.7735 -0.6335
vn 0.0013 0.3643 -0.9313
vn -0.0040 0.1743 -0.9847
vn -0.0042 0.1739 -0.9848
vn -0.0032 0.4540 -0.8910
vn 0.0027 0.5304 -0.8478
vn -0.0033 -0.1175 -0.9931
vn 0.0027 -0.0301 -0.9995
vn 0.0013 -0.2146 -0.9767
vn -0.0041 -0.4023 -0.9155
vn -0.0040 -0.4021 -0.9156
vn -0.0161 0.4643 -0.8855
vn -0.0176 0.5084 -0.8610
vn 0.0044 0.2499 -0.9683
vn -0.0110 0.7516 -0.6595
vn -0.0098 0.7657 -0.6432
vn 0.0096 0.9821 0.1880
vn -0.0001 0.8800 0.4750
vn -0.0001 0.8628 0.5055
vn 0.0076 0.9744 0.2248
vn 0.0092 0.9920 -0.1257
vn 0.0081 0.9895 -0.1442
vn 0.0002 0.8736 -0.4866
vn 0.0002 0.8637 -0.5040
vn 0.0143 -0.9950 -0.0993
vn 0.0047 -0.9618 0.2736
vn 0.0072 -0.9818 0.1899
vn 0.0150 -0.9901 -0.1396
vn 0.0037 -0.4626 0.8866
vn -0.0001 -0.8416 0.5401
vn 0.0174 -0.5955 0.8032
vn -0.0072 -0.9818 0.1900
vn -0.0047 -0.9618 0.2736
vn -0.0017 -0.2780 0.9606
vn -0.0201 -0.0015 0.9998
vn -0.0196 0.0143 0.9997
vn -0.9831 0.0872 0.1609
vn -0.9836 0.1123 0.1413
vn -0.9827 0.1551 0.1016
vn -0.9810 0.1828 0.0652
vn -0.9806 0.1933 0.0335
vn -0.9795 0.1956 0.0481
vn -0.9816 0.1748 -0.0770
vn -0.9809 0.0527 0.1874
vn -0.9814 0.0407 0.1874
vn -0.9800 -0.0704 0.1864
vn -0.9788 -0.0861 0.1860
vn -0.9802 -0.1072 0.1662
vn -0.9806 -0.1547 0.1206
vn -0.9795 -0.1734 0.1024
vn -0.9806 -0.1754 0.0876
vn -0.9828 -0.1837 0.0203
vn -0.9841 -0.1768 -0.0170
vn -0.9845 -0.1578 -0.0766
vn -0.9836 -0.1500 -0.1002
vn -0.9848 -0.1194 -0.1260
vn -0.9846 -0.0944 -0.1469
vn -0.9830 -0.0485 -0.1771
vn -0.9821 -0.0001 -0.1886
vn -0.9813 0.0149 -0.1920
vn -0.9822 0.0327 -0.1850
vn -0.9829 0.0710 -0.1697
vn -0.9831 0.1407 -0.1168
vn -0.9836 0.1164 -0.1379
vn -0.9810 0.1727 -0.0888
vn 0.0061 0.9834 0.1814
vn -0.0059 0.8971 0.4417
vn -0.0053 0.8876 0.4606
vn 0.0001 0.6637 0.7480
vn 0.0001 0.6475 0.7620
vn 0.0033 0.1244 -0.9922
vn -0.0073 0.4624 -0.8867
vn -0.0056 0.4990 -0.8666
vn -0.0031 0.2110 -0.9775
vn 0.0056 -0.1838 -0.9829
vn 0.0124 -0.9312 -0.3643
vn -0.0127 -0.8505 -0.5258
vn 0.0287 0.4098 0.9117
vn 0.0286 0.4250 0.9047
vn 0.0139 0.0780 0.9969
vn 0.0041 -0.0087 1.0000
vn -0.0154 -0.3308 0.9436
vn -0.0146 -0.2912 0.9566
vn 0.0155 -0.8319 0.5548
vn 0.0029 -0.9649 0.2627
vn -0.0029 -0.9835 0.1809
vn 0.0148 -0.8543 0.5196
vn 0.0009 -0.6204 0.7843
vn -0.0009 -0.6055 0.7959
vn -0.0142 -0.9950 -0.0994
vn -0.0150 -0.9901 -0.1396
vn 0.7696 -0.4592 -0.4436
vn 0.7861 -0.3071 -0.5364
vn 0.0102 0.3882 -0.9215
vn -0.0067 0.7153 -0.6988
vn -0.0082 0.7409 -0.6716
vn 0.0082 0.4266 -0.9044
vn 0.0062 0.0870 -0.9962
vn 0.0053 0.0687 -0.9976
vn -0.0001 -0.2219 -0.9751
vn 0.0004 -0.4880 -0.8729
vn -0.0003 -0.5027 -0.8644
vn 0.0067 0.8785 -0.4777
vn 0.0010 0.9175 -0.3977
vn 0.0012 0.9749 -0.2225
vn 0.0089 0.9936 -0.1123
vn 0.0010 0.9999 -0.0163
vn 0.0012 0.9859 0.1674
vn 0.0055 0.9643 0.2646
vn -0.0027 0.9350 0.3547
vn 0.0040 0.8430 0.5379
vn 0.0043 0.8434 0.5373
vn -0.0013 0.7210 0.6930
vn 0.0067 0.6399 0.7684
vn 0.0013 -0.5389 0.8424
vn -0.0067 -0.6288 0.7776
vn -0.0010 -0.6955 0.7185
vn -0.0012 -0.8155 0.5788
vn -0.0089 -0.8750 0.4840
vn -0.0010 -0.9175 0.3977
vn -0.0037 -0.3637 0.9315
vn -0.0040 -0.3631 0.9318
vn -0.0056 -0.0718 0.9974
vn 0.0027 -0.1655 0.9862
vn -0.0013 0.0281 0.9996
vn -0.0089 0.3041 0.9526
vn -0.0013 -0.9859 -0.1675
vn -0.0054 -0.9644 -0.2645
vn 0.0027 -0.9349 -0.3548
vn -0.0089 -0.9936 0.1122
vn -0.0010 -0.9999 0.0164
vn -0.0040 -0.8429 -0.5380
vn -0.0038 -0.8426 -0.5385
vn 0.0013 -0.7209 -0.6930
vn -0.0033 -0.6492 -0.7606
vn 0.0027 -0.5803 -0.8144
vn 0.0012 -0.8155 0.5788
vn 0.0010 -0.9175 0.3977
vn 0.0089 -0.8750 0.4840
vn 0.0067 -0.6288 0.7775
vn 0.0012 -0.9749 0.2227
vn 0.0089 -0.9936 0.1122
vn 0.0010 -0.9999 0.0164
vn -0.0013 0.8203 -0.5720
vn 0.0041 0.6920 -0.7219
vn 0.0040 0.6921 -0.7218
vn 1.0000 0.0004 -0.0000
vn 1.0000 -0.0002 0.0001
vn 1.0000 0.0002 0.0003
vn 1.0000 0.0005 0.0005
vn 1.0000 0.0001 0.0004
vn 1.0000 0.0004 0.0005
vn 1.0000 -0.0001 0.0003
vn 1.0000 -0.0004 0.0004
vn 1.0000 -0.0000 0.0004
vn 1.0000 -0.0000 -0.0001
vn 1.0000 -0.0000 0.0002
vn 1.0000 0.0001 -0.0003
vn 1.0000 -0.0004 -0.0001
vn 1.0000 -0.0001 -0.0004
vn 1.0000 -0.0001 -0.0002
vn 1.0000 -0.0000 -0.0002
vn 1.0000 -0.0000 -0.0003
vn 1.0000 -0.0002 -0.0003
vn -0.0013 -0.7209 -0.6930
vn -0.0027 -0.5803 -0.8144
vn 0.0033 -0.6492 -0.7606
vn 0.0040 -0.4021 -0.9156
vn 0.0041 -0.4023 -0.9155
vn -0.0013 -0.2146 -0.9767
vn 0.0033 -0.1175 -0.9931
vn -0.0027 -0.0301 -0.9995
vn 0.0038 -0.8426 -0.5385
vn 0.0040 -0.8430 -0.5380
vn 0.0055 -0.9643 -0.2646
vn -0.0027 -0.9350 -0.3548
vn 0.0013 -0.9859 -0.1675
vn 0.0010 0.5691 0.8223
vn 0.0012 0.4086 0.9127
vn 0.0089 0.3041 0.9526
vn 0.0010 0.2110 0.9775
vn 0.0013 0.0281 0.9996
vn 0.0056 -0.0717 0.9974
vn -0.0027 -0.1655 0.9862
vn 0.0040 -0.3631 0.9317
vn 0.0041 -0.3628 0.9319
vn -0.0013 -0.5389 0.8424
vn 0.0010 -0.6954 0.7186
vn 0.0013 0.7210 0.6929
vn -0.0040 0.8430 0.5379
vn -0.0041 0.8431 0.5377
vn -0.0067 0.6399 0.7684
vn -0.0056 0.9643 0.2648
vn 0.0027 0.9350 0.3547
vn -0.0012 0.9859 0.1674
vn 0.0040 0.1743 -0.9847
vn 0.0042 0.1739 -0.9847
vn -0.0013 0.3643 -0.9313
vn 0.0032 0.4539 -0.8910
vn -0.0027 0.5304 -0.8478
vn 0.0009 -0.7665 0.6423
vn -0.0009 -0.7441 0.6681
vn 0.0014 -0.9873 0.1588
vn -0.0015 -0.9958 0.0914
vn -0.0092 0.6130 -0.7900
vn -0.0080 0.6284 -0.7778
vn -0.0095 -0.8689 0.4949
vn -0.0086 -0.8783 0.4781
vn 0.0031 -0.9883 0.1524
vn 0.0035 -0.9911 0.1333
vn 0.0002 -0.9858 -0.1681
vn 0.0002 -0.9858 -0.1680
vn 0.9923 -0.0952 0.0792
vn 0.9930 -0.1169 0.0174
vn 0.9932 -0.1074 0.0447
vn 0.9923 -0.0951 0.0792
vn 0.9929 -0.0793 0.0886
vn 0.9921 -0.0190 0.1242
vn 0.9908 -0.0003 0.1350
vn 0.9908 -0.0004 0.1350
vn 0.9923 0.0311 0.1202
vn 0.9925 0.0563 0.1082
vn 0.9917 0.0892 0.0923
vn 0.9928 0.0939 0.0742
vn 0.9933 0.1152 -0.0099
vn 0.9926 0.1189 -0.0250
vn 0.9938 0.1011 -0.0472
vn 0.9935 0.0619 -0.0955
vn 0.9923 0.0463 -0.1146
vn 0.9932 0.0289 -0.1130
vn 0.9928 -0.0577 -0.1045
vn 0.9920 -0.0730 -0.1029
vn 0.9926 -0.0812 -0.0901
vn 0.9923 -0.1211 -0.0266
vn 0.9916 -0.1281 -0.0153
vn -0.9588 -0.2783 0.0566
vn -0.9917 -0.1288 -0.0028
vn -0.9931 -0.1103 -0.0401
vn -0.9930 -0.0965 -0.0679
vn -0.9917 -0.1287 -0.0028
vn -0.9932 -0.0698 0.0928
vn -0.9929 -0.1185 0.0140
vn -0.9916 -0.0789 -0.1028
vn -0.9922 -0.0670 -0.1053
vn -0.9923 0.0183 -0.1229
vn -0.9925 -0.0619 0.1053
vn -0.9925 -0.0620 0.1053
vn -0.9931 -0.0425 0.1094
vn -0.9917 0.0309 0.1246
vn -0.9902 0.0536 0.1291
vn -0.9925 0.0945 0.0770
vn -0.9920 0.0763 0.1001
vn -0.9919 0.1185 0.0461
vn -0.9919 0.1185 0.0460
vn -0.9930 0.1158 -0.0234
vn -0.9931 0.1171 0.0079
vn -0.9914 0.1140 -0.0646
vn -0.9914 0.1140 -0.0647
vn -0.9928 0.0838 -0.0857
vn -0.9930 0.0601 -0.1021
vn -0.9918 0.0274 -0.1246
vn -0.9918 0.0273 -0.1247
vn -0.0102 0.8684 -0.4957
vn -0.0090 0.8787 -0.4772
vn 0.0034 0.9883 -0.1526
vn 0.0039 0.9912 -0.1324
vn -0.0000 0.9857 0.1682
vn -0.0001 0.9857 0.1683
vn -0.0039 0.8912 0.4537
vn -0.0035 0.8816 0.4719
vn 0.9901 0.0429 -0.1338
vn 0.9934 0.0925 -0.0680
vn 0.9928 0.0717 -0.0957
vn 0.9909 0.0283 -0.1312
vn 0.9921 -0.0397 -0.1190
vn 0.9924 0.1189 -0.0325
vn 0.9930 0.1165 -0.0190
vn 0.9917 0.0971 0.0841
vn 0.9909 0.0948 0.0960
vn 0.9922 0.0219 0.1224
vn 0.9917 0.0778 0.1022
vn 0.9918 0.0075 0.1276
vn 0.9921 -0.0255 0.1231
vn 0.9916 -0.0504 0.1195
vn 0.9900 -0.0821 0.1149
vn 0.9907 -0.0864 0.1054
vn 0.9925 -0.1163 0.0373
vn 0.9924 -0.1194 0.0301
vn 0.9930 -0.1174 0.0139
vn 0.9931 -0.1109 -0.0393
vn 0.9926 -0.1091 -0.0533
vn 0.9926 -0.1091 -0.0534
vn 0.9931 -0.0966 -0.0671
vn 0.9927 -0.0650 -0.1014
vn 0.9918 -0.0505 -0.1170
vn -0.0001 0.3270 0.9450
vn -0.0001 0.3062 0.9520
vn 0.0001 0.2536 -0.9673
vn 0.0001 0.2739 -0.9618
vn -0.0000 0.6046 -0.7965
vn -0.0000 0.6209 -0.7839
vn 0.0156 0.8628 -0.5052
vn 0.0174 0.8733 -0.4868
vn -0.0078 0.9428 -0.3334
vn -0.0071 0.9498 -0.3129
vn -0.0000 0.9982 0.0607
vn -0.0000 0.9967 0.0810
vn -0.0000 0.8990 0.4380
vn 0.0001 0.8898 0.4564
vn 0.0084 0.6700 0.7423
vn 0.0093 0.6556 0.7551
vn 0.0003 0.3468 0.9379
vn 0.0039 0.3837 0.9234
vn -0.0061 -0.9015 -0.4327
vn -0.0044 -0.8938 -0.4484
vn 0.9947 0.0132 0.1021
vn 0.9956 -0.0203 0.0915
vn 0.9955 -0.0467 0.0830
vn 0.9955 0.0699 0.0635
vn 0.9957 0.0460 0.0798
vn 0.9940 -0.0829 0.0713
vn 0.9940 -0.0830 0.0713
vn 0.9956 -0.0932 -0.0014
vn 0.9956 -0.0887 0.0315
vn 0.9941 -0.0991 -0.0441
vn 0.9941 -0.0991 -0.0440
vn 0.9952 -0.0821 -0.0527
vn 0.9953 0.0040 -0.0963
vn 0.9945 0.0175 -0.1031
vn 0.9945 0.0174 -0.1031
vn 0.9959 0.0639 -0.0644
vn 0.9958 0.0458 -0.0795
vn 0.9949 0.0932 -0.0398
vn 0.9951 0.0938 -0.0322
vn 0.9945 0.0994 0.0334
vn 0.9941 0.1001 0.0427
vn -0.0012 0.4086 0.9127
vn -0.0010 0.5691 0.8223
vn -0.0010 0.2110 0.9775
vn -1.0000 -0.0002 0.0002
vn -1.0000 0.0001 -0.0001
vn -1.0000 -0.0000 0.0003
vn -1.0000 -0.0001 0.0004
vn -1.0000 -0.0000 0.0002
vn -1.0000 -0.0002 0.0003
vn -1.0000 -0.0004 0.0004
vn -1.0000 -0.0001 0.0003
vn -1.0000 -0.0001 0.0002
vn -1.0000 0.0001 -0.0000
vn -1.0000 -0.0003 0.0001
vn -1.0000 0.0002 -0.0001
vn -1.0000 -0.0001 -0.0002
vn -1.0000 -0.0000 -0.0002
vn -1.0000 0.0006 -0.0003
vn -1.0000 0.0003 -0.0001
vn -1.0000 0.0002 0.0002
vn -1.0000 -0.0000 -0.0001
vn -0.0051 -0.2820 0.9594
vn -0.0030 -0.2130 0.9771
vn 0.0033 0.3657 0.9307
vn 0.0028 0.4183 0.9083
vn -0.0000 0.8316 0.5553
vn -0.0000 0.8604 0.5095
vn -0.0028 0.9999 -0.0158
vn -0.0033 0.9973 -0.0729
vn 0.0132 -0.8896 -0.4565
vn 0.0100 -0.9044 -0.4265
vn -0.0012 -0.9749 0.2226
vn 0.9961 -0.0390 0.0785
vn 0.9984 0.0282 0.0488
vn 0.9981 -0.0015 0.0619
vn 0.9961 -0.0390 0.0786
vn 0.9973 -0.0551 0.0479
vn 0.9974 -0.0668 0.0254
vn 0.9972 0.0672 0.0313
vn 0.9972 0.0672 0.0314
vn 0.9973 0.0671 0.0313
vn 0.9967 -0.0816 -0.0030
vn 0.9967 -0.0816 -0.0029
vn 0.9967 -0.0815 -0.0030
vn 0.9973 -0.0723 -0.0112
vn 0.9978 -0.0121 -0.0647
vn 0.9972 -0.0004 -0.0750
vn 0.9972 -0.0004 -0.0751
vn 0.9987 0.0506 0.0051
vn 0.9985 0.0141 -0.0523
vn -0.0014 -0.9873 0.1588
vn 0.0008 -0.7441 0.6681
vn -0.0009 -0.7665 0.6423
vn 0.0015 -0.9958 0.0914
vn 0.0051 -0.2820 0.9594
vn 0.0030 -0.2130 0.9771
vn -0.0031 -0.9883 0.1524
vn -0.0035 -0.9911 0.1333
vn -0.0002 -0.9858 -0.1681
vn -0.0002 -0.9858 -0.1680
vn 0.0083 -0.8928 -0.4504
vn 0.0085 -0.8845 -0.4664
vn -0.0058 -0.7346 -0.6784
vn 0.0102 0.8684 -0.4957
vn 0.0090 0.8787 -0.4772
vn -0.0034 0.9883 -0.1526
vn -0.0039 0.9912 -0.1324
vn 0.0001 0.9857 0.1683
vn 0.0039 0.8912 0.4537
vn 0.0035 0.8816 0.4719
vn 0.0001 0.3062 0.9520
vn 0.0001 0.3270 0.9450
vn -0.0109 -0.1478 -0.9890
vn -0.0098 -0.1258 -0.9920
vn -0.0001 0.2536 -0.9673
vn -0.0001 0.2739 -0.9618
vn 0.0078 0.9428 -0.3334
vn 0.0071 0.9498 -0.3129
vn -0.0001 0.8898 0.4564
vn 0.7622 -0.3140 -0.5661
vn 0.7678 -0.1442 -0.6242
vn 0.7777 0.0494 -0.6266
vn 0.7777 0.0516 -0.6265
vn 0.7652 0.2890 -0.5753
vn 0.7818 0.3841 -0.4911
vn 0.7653 0.4919 -0.4151
vn 0.7764 0.5956 -0.2060
vn 0.7765 0.5973 -0.2009
vn 0.7658 0.6430 -0.0096
vn 0.7687 0.6120 0.1860
vn -0.0028 0.4183 0.9083
vn -0.0034 0.3657 0.9307
vn 0.0033 0.9973 -0.0729
vn 0.0028 0.9999 -0.0158
vn 0.7049 0.5887 0.3955
vn 0.7050 0.5887 0.3955
vn 0.8181 0.4774 0.3207
vn 0.9723 0.1940 0.1303
vn 0.9998 0.0150 0.0101
vn -0.0000 -0.5577 0.8301
vn -0.0000 -0.5403 0.8415
vn -0.0000 -0.5240 0.8517
vn -0.0000 -0.4841 0.8750
vn -0.0000 -0.4797 0.8774
vn -0.0000 -0.4588 0.8886
vn -0.0000 0.0383 -0.9993
vn -0.8181 0.4774 0.3207
vn -0.9723 0.1940 0.1303
vn -0.9998 0.0150 0.0101
vn -0.7050 0.5887 0.3955
vn -0.7049 0.5887 0.3955
vn -0.0000 0.8301 0.5577
vn 0.3827 0.9239 0.0025
vn -0.3827 0.9239 0.0025
vn 0.9239 0.3827 0.0010
vn 0.0048 -0.0981 0.9952
vn 0.0046 -0.0980 0.9952
vn 0.0001 -0.1611 0.9869
vn 0.0028 -0.2615 0.9652
vn -0.0018 -0.3274 0.9449
vn 0.0007 -0.4810 0.8767
vn 0.0007 -0.4809 0.8768
vn -0.0000 -0.6349 0.7726
vn -0.0000 -0.9496 0.3136
vn -0.0000 -0.8248 0.5654
vn -0.0000 -0.9786 0.2059
vn 0.9333 -0.2982 -0.2003
vn 0.8777 -0.3978 -0.2673
vn 0.9936 -0.0935 -0.0628
vn -0.0000 0.5577 -0.8301
vn -0.0000 0.5748 -0.8183
vn -0.0000 0.5905 -0.8071
vn -0.0000 0.6271 -0.7790
vn -0.0000 0.6310 -0.7758
vn -0.0000 0.6492 -0.7606
vn -0.0000 -0.8301 -0.5577
vn -0.0000 0.9497 -0.3133
vn -0.0000 0.9802 -0.1978
vn -0.0001 0.8138 -0.5812
vn -0.0002 0.8141 -0.5808
vn -0.9333 -0.2982 -0.2003
vn -0.8777 -0.3978 -0.2673
vn -0.9936 -0.0935 -0.0628
vn 0.0024 0.5188 -0.8549
vn 0.0012 0.1502 -0.9887
vn 0.0014 0.1590 -0.9873
vn 0.0024 0.5183 -0.8552
vn -0.0024 -0.0109 -0.9999
vn -0.0023 -0.0109 -0.9999
vn -0.9239 -0.3827 -0.0010
vn -0.9239 0.3827 0.0010
vn -0.3827 -0.9239 -0.0025
vn -0.0000 -0.0027 1.0000
vn -0.0000 0.0027 -1.0000
vn 0.9239 -0.3827 -0.0010
vn 0.3827 -0.9239 -0.0025
vn 0.1117 -0.1462 -0.9829
vn 0.1319 -0.1958 -0.9717
vn -0.0000 -0.1472 -0.9891
vn 0.1291 -0.1058 -0.9860
vn 0.0908 -0.1697 -0.9813
vn 0.1016 -0.1331 -0.9859
vn 0.1216 -0.1270 -0.9844
vn 0.1420 -0.2577 -0.9557
vn -0.1042 -0.1729 -0.9794
vn -0.1509 -0.2024 -0.9676
vn -0.1166 -0.1309 -0.9845
vn -0.1281 -0.1460 -0.9810
vn -0.1482 -0.0983 -0.9841
vn -0.1394 -0.1239 -0.9825
vn -0.1619 -0.2720 -0.9486
vn -0.0524 -0.2160 -0.9750
vn -0.6055 -0.4453 -0.6596
vn -0.6205 -0.0245 -0.7838
vn -0.5775 -0.0381 -0.8155
vn -0.5431 -0.2864 -0.7893
vn -0.6250 -0.3107 -0.7161
vn -0.6033 -0.1174 -0.7888
vn -0.6256 0.0600 -0.7779
vn 0.0457 -0.2073 -0.9772
vn 0.5732 -0.4409 -0.6907
vn 0.5822 -0.0339 -0.8124
vn 0.5378 -0.0481 -0.8417
vn 0.5043 -0.2769 -0.8179
vn 0.3425 -0.5743 -0.7436
vn -0.5195 0.3649 -0.7727
vn -0.1401 0.0068 -0.9901
vn -0.0528 -0.0773 -0.9956
vn -0.3718 0.3719 -0.8505
vn 0.9854 -0.1699 0.0118
vn 0.9839 -0.1783 0.0125
vn 0.8628 -0.5054 -0.0117
vn 0.8643 -0.5029 -0.0111
vn 0.7539 -0.6554 -0.0458
vn 0.0038 0.9909 -0.1347
vn -0.0037 0.9909 -0.1346
vn -0.0025 0.9908 -0.1354
vn 0.0026 0.9908 -0.1354
vn 0.2456 0.9612 -0.1256
vn 0.3153 0.9412 -0.1218
vn -0.3151 0.9412 -0.1217
vn -0.2458 0.9612 -0.1254
vn -0.7531 0.6529 -0.0809
vn -0.7500 0.6564 -0.0813
vn 0.7534 0.6526 -0.0809
vn 0.7566 0.6489 -0.0804
vn -0.1028 -0.9520 0.2883
vn 0.1028 -0.9520 0.2883
vn 0.6973 -0.6545 0.2922
vn -0.6973 -0.6545 0.2922
vn -0.0000 -0.9259 0.3778
vn -0.9138 -0.0945 0.3950
vn -0.9285 -0.0818 0.3623
vn -0.9302 -0.0715 0.3601
vn -0.8979 -0.1455 0.4155
vn -0.9194 -0.0623 0.3885
vn -0.9173 -0.0886 0.3883
vn -0.8654 0.2627 0.4267
vn -0.8893 0.1913 0.4154
vn -0.6070 0.6618 0.4400
vn -0.5992 0.6695 0.4391
vn -0.6360 -0.5595 0.5314
vn -0.6341 -0.5615 0.5317
vn 0.1514 -0.8526 0.5001
vn -0.1514 -0.8526 0.5001
vn -0.2083 -0.8335 0.5117
vn 0.2083 -0.8335 0.5117
vn 0.6360 -0.5595 0.5314
vn 0.6341 -0.5615 0.5317
vn 0.6904 0.2331 0.6849
vn 0.6907 -0.0245 0.7227
vn 0.6311 0.0020 0.7757
vn 0.6306 0.2237 0.7432
vn 0.4241 0.4975 0.7567
vn 0.1810 -0.9101 -0.3728
vn -0.1810 -0.9101 -0.3727
vn -0.1014 -0.9415 -0.3212
vn 0.1014 -0.9415 -0.3213
vn -0.2776 -0.8582 -0.4319
vn -0.2776 -0.8581 -0.4319
vn 0.2774 -0.8582 -0.4320
vn 0.2773 -0.8582 -0.4320
vn -0.1406 0.9329 0.3315
vn 0.1406 0.9329 0.3315
vn 0.2001 0.9150 0.3502
vn -0.2001 0.9150 0.3502
vn 0.6070 0.6618 0.4400
vn 0.5992 0.6695 0.4391
vn -0.8911 -0.4503 0.0558
vn -0.9902 0.1389 -0.0172
vn -0.9895 0.1432 -0.0177
vn -0.8967 -0.4393 0.0544
vn -0.9556 -0.2924 0.0362
vn -0.9581 -0.2842 0.0352
vn -0.9659 0.2569 -0.0318
vn -0.9679 0.2495 -0.0309
vn 0.9556 -0.2924 0.0362
vn 0.9581 -0.2842 0.0352
vn 0.9692 0.2445 -0.0303
vn 0.9673 0.2518 -0.0312
vn 0.9902 0.1389 -0.0172
vn 0.9895 0.1432 -0.0177
vn 0.9596 0.2792 -0.0346
vn -0.3757 0.1365 0.9167
vn -0.2798 0.2174 0.9351
vn -0.0083 0.1495 0.9887
vn -0.2961 0.0510 0.9538
vn -0.4109 0.0096 0.9116
vn -0.4049 0.1918 0.8940
vn -0.3465 0.1871 0.9192
vn -0.2311 0.0276 0.9725
vn -0.0952 -0.1431 0.9851
vn -0.0000 -0.2426 0.9701
vn 0.0037 -0.2431 0.9700
vn 0.0041 0.1473 0.9891
vn 0.1028 -0.1409 0.9847
vn 0.0065 0.1501 0.9886
vn 0.2333 0.0303 0.9719
vn 0.0025 0.1495 0.9888
vn 0.3464 0.1870 0.9193
vn 0.4048 0.1918 0.8941
vn 0.4107 0.0096 0.9117
vn 0.2960 0.0511 0.9538
vn 0.3826 0.1360 0.9139
vn 0.2970 0.2222 0.9287
vn 0.8772 0.2749 0.3936
vn 0.9238 0.0563 0.3786
vn 0.8894 -0.2127 0.4046
vn 0.9183 0.1853 0.3498
vn 0.9085 0.1874 0.3735
vn 0.8675 -0.1984 0.4561
vn 0.2430 0.3381 0.9092
vn 0.6725 0.6548 0.3449
vn -0.2747 0.5523 0.7871
vn -0.4250 0.2838 0.8596
vn 0.7946 -0.3247 0.5131
vn 0.2882 -0.7850 0.5484
vn 0.0017 -0.8576 0.5144
vn -0.0000 -0.8575 0.5145
vn -0.2851 -0.7861 0.5484
vn -0.7940 -0.3260 0.5131
vn -0.7781 -0.6257 0.0552
vn -0.8770 -0.4781 0.0484
vn -0.8774 -0.4773 0.0484
vn -0.9870 -0.1595 0.0204
vn -0.9856 -0.1675 0.0213
vn 0.0460 -0.0864 -0.9952
vn 0.1234 -0.0122 -0.9923
vn 0.3439 0.3302 -0.8790
vn 0.4940 0.3398 -0.8003
vn 0.5889 0.0438 -0.8070
vn 0.5637 -0.1216 -0.8170
vn -0.2111 -0.2517 -0.9445
vn -0.0924 -0.4194 -0.9031
vn -0.0000 -0.1471 -0.9891
vn -0.0000 -0.5143 -0.8576
vn 0.0952 -0.4236 -0.9008
vn 0.2310 -0.2567 -0.9385
vn 0.3463 -0.0887 -0.9339
vn 0.4047 -0.0768 -0.9112
vn 0.4107 -0.2562 -0.8750
vn -0.3013 -0.0982 -0.9485
vn -0.3464 -0.0887 -0.9339
vn -0.3518 -0.2425 -0.9041
vn -0.2499 -0.2171 -0.9436
vn -0.3265 -0.1391 -0.9349
vn -0.2454 -0.0714 -0.9668
vn 0.0045 -0.1484 -0.9889
vn 0.2959 -0.2288 -0.9274
vn 0.3825 -0.1360 -0.9139
vn 0.2968 -0.0573 -0.9532
vn -0.8698 -0.3225 -0.3735
vn -0.8992 -0.0644 -0.4327
vn -0.8375 -0.3226 -0.4411
vn -0.8467 0.1383 -0.5138
vn -0.1934 0.0185 -0.9809
vn -0.6522 0.5147 -0.5565
vn -0.5789 0.5161 -0.6313
vn -0.4574 -0.0934 -0.8843
vn 0.0157 -0.1610 -0.9868
vn -0.3451 -0.3241 -0.8808
vn 0.2484 0.0661 -0.9664
vn 0.3754 -0.2580 -0.8902
vn 0.4782 0.0207 -0.8780
vn 0.6828 0.5440 -0.4877
vn 0.5241 0.6564 -0.5426
vn 0.3626 -0.0423 -0.9310
vn 0.1870 0.7797 -0.5976
vn -0.3941 -0.1535 -0.9062
vn -0.3670 -0.4333 -0.8231
vn 0.3636 -0.3864 -0.8476
vn -0.2531 0.6736 -0.6944
vn 0.8792 0.1505 -0.4521
vn -0.6907 -0.0237 0.7227
vn -0.6903 0.2332 0.6849
vn -0.6309 0.2239 0.7429
vn -0.6310 0.0019 0.7758
vn -0.5235 0.5369 0.6616
vn 0.9285 -0.0818 0.3623
vn 0.9138 -0.0946 0.3950
vn 0.8979 -0.1455 0.4155
vn 0.9302 -0.0715 0.3601
vn 0.9173 -0.0886 0.3883
vn 0.9194 -0.0623 0.3885
vn 0.8893 0.1913 0.4154
vn 0.8654 0.2627 0.4267
vn -0.0000 -0.9924 0.1230
vn -0.3167 -0.9413 0.1166
vn -0.3137 -0.9423 0.1168
vn 0.3137 -0.9423 0.1168
vn 0.3167 -0.9413 0.1166
vn 0.0001 -0.0643 -0.9979
vn -0.0000 -0.0653 -0.9979
vn -0.0000 -0.3879 -0.9217
vn -0.0000 -0.9038 -0.4279
vn 0.0003 -0.1368 -0.9906
vn 0.0003 -0.1381 -0.9904
vn 0.0007 -0.2076 -0.9782
vn 0.0007 -0.2074 -0.9783
vn -0.0000 -0.2998 -0.9540
vn -0.0000 -0.2242 -0.9745
vn 0.2061 -0.9689 0.1373
vn 0.1891 -0.9723 0.1372
vn 0.3615 -0.9246 0.1197
vn 0.3245 -0.9380 0.1221
vn 0.8747 -0.4443 -0.1936
vn 0.9492 0.0900 -0.3014
vn 0.9899 0.1405 -0.0209
vn 0.8935 -0.4442 0.0661
vn 0.9440 0.0935 -0.3163
vn 0.9569 -0.2873 0.0427
vn 0.9088 -0.3336 -0.2507
vn 0.9238 -0.3061 -0.2299
vn 0.9558 -0.0433 -0.2908
vn 0.9682 0.2475 -0.0368
vn 0.9326 0.1893 -0.3073
vn 0.5892 -0.3066 -0.7475
vn 0.7468 0.5806 -0.3242
vn 0.7549 0.6487 -0.0965
vn -0.8802 -0.4445 -0.1665
vn -0.5877 -0.8060 -0.0706
vn -0.5984 -0.7925 0.1179
vn -0.8940 -0.4432 0.0659
vn -0.3703 -0.6060 -0.7040
vn 0.5842 -0.8056 -0.0992
vn 0.5984 -0.7925 0.1179
vn -0.5912 0.7475 -0.3027
vn -0.7473 0.5938 -0.2984
vn -0.7516 0.6525 -0.0971
vn -0.6021 0.7897 -0.1175
vn -0.9308 -0.3047 -0.2017
vn -0.9185 -0.3300 -0.2177
vn -0.9569 -0.2873 0.0427
vn -0.9899 0.1405 -0.0209
vn -0.9535 0.0993 -0.2845
vn -0.9574 0.0957 -0.2723
vn -0.9648 -0.0387 -0.2602
vn -0.9389 0.2004 -0.2797
vn -0.9669 0.2524 -0.0376
vn -0.9858 -0.0709 0.1525
vn -0.9727 0.0432 0.2282
vn -0.9640 0.1760 0.1993
vn -0.9657 0.1628 0.2023
vn -0.9699 0.1589 0.1843
vn -0.9686 0.1681 0.1834
vn -0.9891 0.1179 0.0884
vn -0.9804 0.0308 0.1945
vn -0.6982 0.7141 0.0503
vn -0.7040 -0.7091 -0.0392
vn 0.1033 0.9941 -0.0332
vn -0.1033 0.9941 -0.0332
vn 0.6982 0.7141 0.0504
vn -0.0000 0.9982 0.0603
vn -0.0000 0.9982 0.0606
vn -0.1810 0.7623 -0.6214
vn 0.1810 0.7623 -0.6214
vn 0.1014 0.8073 -0.5813
vn -0.1014 0.8073 -0.5813
vn -0.2450 0.3406 0.9077
vn 0.2388 0.6187 0.7485
vn 0.3608 0.4015 0.8418
vn -0.0294 0.1732 0.9844
vn -0.6628 0.6508 0.3704
vn -0.8657 0.2764 0.4173
vn -0.9211 0.0574 0.3852
vn 0.0970 0.2719 0.9574
vn -0.0963 0.2726 0.9573
vn -0.0963 0.0179 0.9952
vn 0.0970 0.0186 0.9951
vn 0.0804 0.6472 0.7581
vn -0.0804 0.6472 0.7581
vn -0.4182 0.2332 0.8779
vn -0.4182 0.0325 0.9078
vn -0.3231 0.4592 0.8275
vn -0.2088 0.5753 0.7908
vn -0.2481 0.4291 0.8685
vn -0.3665 0.3585 0.8586
vn -0.0593 0.7957 0.6027
vn -0.4239 0.4976 0.7568
vn 0.5877 0.7387 -0.3301
vn 0.6021 0.7897 -0.1175
vn 0.7939 -0.4613 -0.3962
vn 0.2853 -0.9118 -0.2954
vn -0.8961 0.0647 -0.4390
vn -0.8895 -0.2128 0.4045
vn -0.9184 0.1853 0.3497
vn -0.8676 -0.1984 0.4559
vn -0.8847 0.0587 -0.4625
vn -0.9081 0.1875 0.3744
vn -0.7757 -0.4635 -0.4284
vn 0.9238 -0.0563 -0.3787
vn 0.8675 -0.3226 -0.3786
vn 0.9183 0.0754 -0.3887
vn 0.9078 0.0702 -0.4135
vn 0.8894 -0.3213 -0.3252
vn 0.1258 0.9776 0.1687
vn -0.2547 0.9605 0.1120
vn -0.1575 0.9564 0.2460
vn 0.2054 0.9632 0.1734
vn -0.0001 -0.9703 -0.2418
vn -0.0000 -0.9701 -0.2427
vn -0.2827 -0.9101 -0.3030
vn -0.3815 0.6519 0.6553
vn -0.3416 0.5547 0.7587
vn 0.3405 0.7041 0.6231
vn 0.3232 0.6180 0.7167
vn -0.3278 0.2762 0.9035
vn -0.4527 0.5752 0.6813
vn -0.8235 0.0835 0.5612
vn -0.8235 0.0836 0.5612
vn -0.0000 1.0000 -0.0000
vn -0.8234 0.0835 0.5612
vn 0.9686 0.1681 0.1834
vn 0.9640 0.1760 0.1992
vn 0.9657 0.1628 0.2023
vn 0.9699 0.1589 0.1843
vn 0.9891 0.1179 0.0884
vn 0.9804 0.0308 0.1945
vn 0.9858 -0.0709 0.1525
vn 0.9727 0.0432 0.2282
vn 0.7040 -0.7091 -0.0392
vn 0.3230 0.4591 0.8275
vn 0.2088 0.5753 0.7908
vn 0.0593 0.7957 0.6027
vn 0.3665 0.3585 0.8586
vn 0.2481 0.4291 0.8685
vn -0.0000 -1.0000 -0.0000
vn -0.0000 -0.8296 0.5584
vn -0.0000 -0.8294 0.5586
vn -0.0000 -0.8296 0.5583
vn -0.0000 -0.8295 0.5585
vn 0.8235 0.0835 0.5612
vn 0.4525 0.5754 0.6813
vn 0.3278 0.2762 0.9035
vn -0.1944 0.0376 0.9802
vn -0.4245 -0.2564 0.8683
vn 0.1036 0.7618 0.6394
vn -0.0593 -0.5858 0.8083
vn -0.1690 -0.4560 0.8738
vn 0.1944 0.0376 0.9802
vn 0.4242 -0.2560 0.8686
vn 0.0593 -0.5858 0.8083
vn 0.1690 -0.4560 0.8738
vn -0.1037 0.7619 0.6394
vn 0.3333 0.5457 0.7688
vn 0.5235 0.5368 0.6617
vn 0.0810 0.8383 0.5392
vn 0.4182 0.2332 0.8779
vn -0.3338 0.5454 0.7689
vn -0.0808 0.8383 0.5392
vn -0.3340 -0.2976 0.8943
vn -0.5240 -0.3218 0.7886
vn -0.0814 -0.6451 0.7597
vn -0.0804 -0.3985 0.9137
vn 0.0804 -0.3985 0.9137
vn 0.3333 -0.2983 0.8944
vn 0.4182 0.0325 0.9078
vn 0.5239 -0.3214 0.7888
vn 0.0809 -0.6450 0.7599
vn -0.2087 0.5753 0.7908
vn -0.2775 0.6952 -0.6631
vn 0.2776 0.6954 -0.6628
vn -0.0000 -0.9970 -0.0769
vn 0.1648 0.9767 -0.1378
vn 0.1840 0.9732 -0.1379
vn -0.0225 0.9907 -0.1340
vn 0.7071 0.6994 -0.1041
vn 0.0561 -0.0246 0.9981
vn 0.0484 0.2917 0.9553
vn 0.1051 -0.4986 0.8604
vn 0.0920 0.6929 0.7151
vn 0.4778 0.2551 0.8406
vn 0.1123 0.4764 0.8720
vn 0.1278 -0.2517 0.9593
vn -0.0001 -0.1472 -0.9891
vn 0.1052 -0.4986 0.8604
vn 0.5485 -0.4600 0.6983
vn 0.4984 0.0037 0.8670
vn 0.5472 0.6065 0.5768
vn -0.0000 0.9891 -0.1471
vn 0.7071 -0.6994 0.1041
vn 0.9808 -0.1930 0.0287
vn 0.9808 0.1930 -0.0287
vn 0.6971 0.6627 -0.2737
vn -0.6971 0.6627 -0.2737
vn -0.0000 -0.8371 -0.5470
vn -0.0000 -0.9246 -0.3810
vn -0.0000 -0.7202 -0.6938
vn -0.0000 -0.7199 -0.6941
vn 0.0004 -0.7197 -0.6943
vn -0.0000 -0.7190 -0.6950
vn 0.0004 -0.7190 -0.6950
vn -0.0000 -0.7182 -0.6958
vn -0.0000 -0.7178 -0.6963
vn -0.0000 0.8347 0.5506
vn -0.0000 0.9246 0.3810
vn -0.0000 0.7141 0.7000
vn -0.0000 0.7149 0.6993
vn -0.0000 0.7159 0.6982
vn -0.0000 0.7160 0.6981
vn -0.0000 0.7169 0.6972
vn -0.0000 0.7178 0.6963
vn -0.0000 0.6951 -0.7189
vn 0.3586 0.4846 -0.7978
vn 0.3970 0.4765 -0.7844
vn -0.4016 0.4754 -0.7828
vn -0.3624 0.4838 -0.7966
vn -0.0000 -0.8315 -0.5556
vn -0.0000 -0.9239 -0.3827
vn -0.0000 -0.9808 -0.1951
vn -0.0000 -0.7071 -0.7071
vn -0.0000 -0.5556 -0.8315
vn -0.0000 0.9808 -0.1951
vn -0.0000 0.9239 -0.3827
vn -0.0000 0.8315 -0.5556
vn -0.0000 0.7071 -0.7071
vn -0.0000 0.9808 0.1951
vn -0.0000 0.9239 0.3827
vn -0.0000 0.8315 0.5556
vn -0.0000 0.7730 0.6344
vn -0.0000 -0.9808 0.1951
vn -0.0000 -0.9239 0.3827
vn -0.0000 -0.8315 0.5556
vn -0.0000 -0.7730 0.6344
vn -0.0000 0.5556 -0.8315
vn -0.0000 0.3827 -0.9239
vn -0.0000 0.1951 -0.9808
vn -0.0000 -0.0000 -1.0000
vn -0.0000 -0.1951 -0.9808
vn -0.0000 -0.3827 -0.9239
vn -0.0000 -0.3810 0.9246
vn -0.1480 -0.0036 0.9890
vn 0.1480 -0.0036 0.9890
vn 0.1480 0.2914 0.9451
vn -0.1480 0.2914 0.9451
vn 0.4973 -0.3928 0.7736
vn 0.4973 0.6010 0.6257
vn -0.4973 0.6010 0.6257
vn -0.4973 -0.3928 0.7736
vn 0.9852 0.0252 0.1693
vn -0.0000 0.8238 -0.5669
vn -0.0000 0.9950 0.0996
vn -0.1782 0.9573 0.2275
vn -0.1753 0.8124 -0.5561
vn -0.1679 0.8263 0.5376
vn -0.3649 0.9069 0.2106
vn -0.3118 0.4651 0.8285
vn -0.0000 0.9749 0.2227
vn -0.3614 0.7643 -0.5340
vn -0.0000 1.0000 0.0086
vn -0.0000 0.1817 -0.9834
vn -0.0000 -0.4601 -0.8879
vn -0.1482 0.1902 -0.9705
vn -0.1482 -0.4645 -0.8731
vn -0.0000 -0.9532 -0.3025
vn -0.1753 -0.9391 -0.2955
vn -0.3614 -0.8867 -0.2883
vn -0.2963 -0.4160 -0.8597
vn -0.2963 0.1477 -0.9436
vn -0.3118 -0.2037 0.9280
vn -0.1679 -0.6340 0.7548
vn -0.3649 -0.8063 0.4655
vn -0.1782 -0.8496 0.4963
vn -0.0000 -0.8678 0.4969
vn -0.0000 -0.9542 0.2993
vn -0.0000 -0.9229 0.3849
vn -0.9852 0.0252 0.1693
vn 0.9999 0.0085 -0.0140
vn 0.9372 0.1810 -0.2980
vn 0.8978 0.2286 -0.3763
vn -1.0000 -0.0049 0.0080
vn -1.0000 -0.0037 0.0060
vn -0.9999 -0.0085 0.0140
vn -0.4106 -0.4556 0.7899
vn -0.4106 -0.4556 0.7898
vn -0.4098 -0.4481 0.7945
vn -0.4098 -0.4490 0.7940
vn -0.4089 -0.4413 0.7988
vn -0.4090 -0.4414 0.7987
vn -0.9032 0.2228 -0.3668
vn -0.9421 0.1741 -0.2866
vn -0.0000 0.5191 -0.8547
vn -0.0003 -0.7197 -0.6943
vn -0.0005 -0.7190 -0.6950
vn -0.3586 0.4846 -0.7978
vn 0.3624 0.4838 -0.7966
vn 0.4016 0.4754 -0.7828
vn -0.3970 0.4765 -0.7844
vn 0.1782 0.9573 0.2275
vn 0.1753 0.8124 -0.5561
vn 0.1679 0.8263 0.5376
vn 0.3649 0.9069 0.2106
vn 0.3118 0.4651 0.8285
vn 0.3614 0.7643 -0.5340
vn 0.1482 0.1902 -0.9705
vn 0.1482 -0.4645 -0.8731
vn 0.1753 -0.9391 -0.2955
vn 0.3614 -0.8867 -0.2883
vn 0.2963 -0.4160 -0.8597
vn 0.2963 0.1477 -0.9436
vn 0.1679 -0.6340 0.7548
vn 0.3118 -0.2037 0.9280
vn 0.3649 -0.8063 0.4655
vn 0.1782 -0.8496 0.4963
vn -0.9999 0.0085 -0.0140
vn -0.8978 0.2286 -0.3763
vn -0.9372 0.1810 -0.2980
vn 1.0000 -0.0049 0.0080
vn 1.0000 -0.0037 0.0060
vn 0.9999 -0.0085 0.0140
vn 0.4106 -0.4556 0.7899
vn 0.4098 -0.4490 0.7940
vn 0.4098 -0.4481 0.7945
vn 0.4106 -0.4556 0.7898
vn 0.4088 -0.4413 0.7988
vn 0.4089 -0.4414 0.7987
vn 0.9421 0.1741 -0.2866
vn 0.9032 0.2228 -0.3668
vn -0.0000 -0.4647 -0.8855
vn -0.0000 -0.8230 -0.5681
vn -0.0000 0.4647 -0.8855
vn -0.0000 -0.9927 -0.1205
vn -0.0000 -0.9350 0.3547
vn -0.0000 -0.8229 0.5681
vn -0.0000 -0.8229 0.5682
vn -0.0000 0.9927 -0.1205
vn -0.0000 0.9927 0.1205
vn -0.0000 0.8230 -0.5681
vn -0.0000 0.8756 0.4830
vt 0.559579 1.003594
vt 0.457310 1.399481
vt 0.578773 1.003589
vt 0.438119 1.399523
vt 0.578844 1.009635
vt 0.554685 1.003803
vt 0.759844 1.776490
vt 0.462226 1.399651
vt 0.549805 1.005146
vt 0.751515 1.776333
vt 0.549858 1.009644
vt 0.723635 1.776331
vt 0.701552 1.009597
vt 0.701481 1.003551
vt 0.315425 1.399785
vt 0.725570 1.003724
vt 0.291358 1.399992
vt 0.803722 1.258271
vt 0.720669 1.003545
vt 0.296239 1.399826
vt 0.730482 1.004885
vt 0.796374 1.258371
vt 0.730537 1.009551
vt 0.767462 1.258403
vt 0.924730 1.300204
vt 0.300884 1.787689
vt 0.927442 1.285568
vt 0.217505 1.401615
vt 0.315750 1.787657
vt 0.936058 1.286417
vt 0.208603 1.401593
vt 0.520551 1.639768
vt 0.884931 1.986367
vt 0.989836 1.579448
vt 0.296003 1.787855
vt 0.924900 1.305223
vt 0.930877 1.311319
vt 0.725891 1.396099
vt 0.958222 1.316387
vt 0.884931 1.958287
vt 0.034062 1.239567
vt 0.892642 1.451166
vt 0.054688 1.239400
vt 0.917589 1.550137
vt 0.039584 1.294017
vt 0.917557 1.494456
vt 0.893129 1.506066
vt 0.889486 1.223028
vt 0.018319 1.294189
vt 0.033670 1.188968
vt 0.892624 1.399904
vt 0.054448 1.198451
vt 0.917575 1.591611
vt 0.039466 1.362615
vt 0.917579 1.424968
vt 0.703027 1.771948
vt 0.018917 1.371327
vt 0.046766 1.391538
vt 0.681815 1.771675
vt 0.041975 1.368638
vt 0.917589 1.418927
vt 0.898523 1.193675
vt 0.048053 1.371092
vt 0.899147 1.187613
vt 0.067912 1.391367
vt 0.206293 1.390250
vt 0.225836 1.369657
vt 0.899147 1.009615
vt 0.054074 1.162529
vt 0.015686 1.162838
vt 0.893129 1.372953
vt 0.015333 1.117160
vt 0.893113 1.326676
vt 0.887156 1.513157
vt 0.051404 1.119176
vt 0.741928 1.950963
vt 0.216585 1.161217
vt 0.206994 1.187569
vt 0.064073 1.188722
vt 0.493228 1.887575
vt 0.218584 1.117827
vt 0.741928 1.783580
vt 0.254973 1.160907
vt 0.233304 1.542340
vt 0.254619 1.115228
vt 0.233312 1.496079
vt 0.217943 1.035105
vt 0.493002 1.803771
vt 0.254014 1.037121
vt 0.233327 1.416975
vt 0.213866 1.190340
vt 0.917586 1.232307
vt 0.216768 1.197141
vt 0.917525 1.239274
vt 0.237396 1.187323
vt 0.233357 1.569514
vt 0.237788 1.237923
vt 0.233348 1.620759
vt 0.217162 1.238089
vt 0.917648 1.280760
vt 0.254375 1.292284
vt 0.233285 1.675431
vt 0.233110 1.292455
vt 0.917367 1.336258
vt 0.254972 1.369422
vt 0.233271 1.753554
vt 0.234290 1.361043
vt 0.917559 1.405761
vt 0.210941 1.027027
vt 0.245327 1.022253
vt 0.820703 1.638106
vt 0.233358 1.402120
vt 0.231875 1.367105
vt 0.898523 1.003545
vt 0.917648 1.411836
vt 0.227440 1.390080
vt 0.233358 1.775130
vt 0.048417 1.004928
vt 0.815930 1.835079
vt 0.075911 1.004706
vt 0.815939 1.807552
vt 0.057349 1.028530
vt 0.059338 1.027834
vt 0.209235 1.026624
vt 0.022826 1.024317
vt 0.820703 1.860880
vt 0.892842 1.232839
vt 0.050763 1.036451
vt 0.887130 1.596937
vt 0.014728 1.039049
vt 0.893085 1.247543
vt 0.192306 1.003767
vt 0.815974 1.691016
vt 0.219800 1.003545
vt 0.815982 1.663488
vt 0.131360 1.865737
vt 0.437794 1.787396
vt 0.834012 1.003545
vt 0.134235 1.880346
vt 0.452665 1.787364
vt 0.457581 1.787533
vt 0.133959 1.885397
vt 0.122331 1.865723
vt 0.842879 1.004771
vt 0.521803 1.759461
vt 0.989836 1.699159
vt 0.990084 1.706249
vt 0.127001 1.891769
vt 0.100491 1.897008
vt 0.554503 1.396226
vt 0.990084 1.734174
vt 0.917582 1.598613
vt 0.057243 1.191604
vt 0.938868 1.874491
vt 0.809665 1.919532
vt 0.949662 1.868325
vt 0.814162 1.919708
vt 0.993706 1.867884
vt 0.962083 1.867884
vt 0.992033 1.867907
vt 0.962766 1.868213
vt 0.991594 1.867909
vt 0.962766 1.917839
vt 0.977670 1.572357
vt 0.932174 1.884971
vt 0.800299 1.919408
vt 0.931112 1.897362
vt 0.788209 1.919365
vt 0.935927 1.908828
vt 0.776165 1.919411
vt 0.945515 1.916740
vt 0.994074 1.572349
vt 0.766926 1.919537
vt 0.957680 1.919287
vt 0.982957 1.572357
vt 0.970972 1.113459
vt 0.418019 1.909712
vt 0.958557 1.113013
vt 0.046173 1.917117
vt 0.416347 1.909735
vt 0.947767 1.106840
vt 0.050670 1.917293
vt 0.971655 1.113131
vt 0.418458 1.909711
vt 0.971655 1.063488
vt 0.249674 1.983866
vt 0.941075 1.096354
vt 0.060036 1.917417
vt 0.940014 1.083958
vt 0.072126 1.917461
vt 0.944827 1.072491
vt 0.084170 1.917414
vt 0.954411 1.064580
vt 0.233271 1.983874
vt 0.093409 1.917288
vt 0.966571 1.062038
vt 0.244387 1.983866
vt 0.970972 1.171970
vt 0.992034 1.919307
vt 0.958557 1.171524
vt 0.814162 1.868315
vt 0.993706 1.919284
vt 0.947767 1.165351
vt 0.809665 1.868139
vt 0.971655 1.171642
vt 0.991594 1.919308
vt 0.971655 1.121999
vt 0.977670 1.520958
vt 0.941075 1.154866
vt 0.800299 1.868014
vt 0.940014 1.142469
vt 0.788209 1.867971
vt 0.944827 1.131002
vt 0.776165 1.868017
vt 0.954411 1.123091
vt 0.994074 1.520950
vt 0.766926 1.868144
vt 0.966571 1.120549
vt 0.982957 1.520958
vt 0.947770 1.010152
vt 0.050670 1.865899
vt 0.958565 1.003986
vt 0.046173 1.865723
vt 0.416347 1.961135
vt 0.970985 1.003545
vt 0.418019 1.961112
vt 0.971669 1.003874
vt 0.418458 1.961110
vt 0.971669 1.053500
vt 0.249674 1.932466
vt 0.941076 1.020631
vt 0.060036 1.866023
vt 0.940014 1.033023
vt 0.072126 1.866067
vt 0.944829 1.044488
vt 0.084171 1.866021
vt 0.954417 1.052401
vt 0.233271 1.932474
vt 0.093409 1.865894
vt 0.966582 1.054947
vt 0.244387 1.932466
vt 0.914527 1.930217
vt 0.944035 1.706748
vt 0.914606 1.928300
vt 0.939676 1.701960
vt 0.554588 1.993228
vt 0.923231 1.927912
vt 0.064635 1.970966
vt 0.563183 1.993551
vt 0.923080 1.930504
vt 0.073679 1.970966
vt 0.900607 1.974038
vt 0.947625 1.418927
vt 0.900626 1.981217
vt 0.940559 1.420135
vt 0.892051 1.979401
vt 0.616381 1.911328
vt 0.611337 1.906014
vt 0.892040 1.972123
vt 0.900595 1.987557
vt 0.934627 1.422892
vt 0.892013 1.988223
vt 0.619872 1.919725
vt 0.900658 1.995117
vt 0.962421 1.220390
vt 0.928149 1.429411
vt 0.892029 1.995649
vt 0.619872 1.928982
vt 0.971037 1.219827
vt 0.563123 1.980646
vt 0.046176 1.952512
vt 0.563152 1.985981
vt 0.048424 1.958660
vt 0.554543 1.984012
vt 0.915717 1.697976
vt 0.563156 1.971916
vt 0.046173 1.943460
vt 0.554575 1.975577
vt 0.907992 1.703110
vt 0.563167 1.962839
vt 0.049647 1.935007
vt 0.554571 1.966521
vt 0.902949 1.710633
vt 0.924682 1.696252
vt 0.554550 1.990197
vt 0.052567 1.964519
vt 0.563132 1.990533
vt 0.601508 1.947334
vt 0.970812 1.194669
vt 0.597760 1.946082
vt 0.143615 1.969885
vt 0.603652 1.944939
vt 0.143614 1.975552
vt 0.608339 1.944701
vt 0.970845 1.201903
vt 0.609674 1.941977
vt 0.143614 1.982256
vt 0.613591 1.940817
vt 0.970895 1.208407
vt 0.615442 1.935759
vt 0.143678 1.990387
vt 0.592378 1.947334
vt 0.970847 1.186782
vt 0.589389 1.944736
vt 0.143678 1.963336
vt 0.583572 1.941362
vt 0.143764 1.960020
vt 0.584009 1.943883
vt 0.970944 1.181302
vt 0.988050 1.498950
vt 0.143840 1.958534
vt 0.579345 1.937088
vt 0.579230 1.939515
vt 0.320646 1.993328
vt 0.971037 1.179385
vt 0.320631 1.990297
vt 0.573530 1.924497
vt 0.575348 1.933397
vt 0.320624 1.993423
vt 0.617704 1.934929
vt 0.970959 1.214942
vt 0.617770 1.930208
vt 0.143763 1.995210
vt 0.386623 1.995762
vt 0.618653 1.923535
vt 0.386627 1.990937
vt 0.616689 1.915276
vt 0.386620 1.983138
vt 0.613378 1.910263
vt 0.386606 1.977137
vt 0.608338 1.905823
vt 0.386622 1.970562
vt 0.605742 1.902640
vt 0.892039 1.966071
vt 0.600392 1.902863
vt 0.386627 1.963438
vt 0.988044 1.463028
vt 0.596777 1.900912
vt 0.320646 1.958089
vt 0.892064 1.959326
vt 0.591907 1.903177
vt 0.988046 1.470426
vt 0.587888 1.902730
vt 0.320619 1.966621
vt 0.584208 1.906712
vt 0.988026 1.478847
vt 0.580376 1.907780
vt 0.320598 1.975678
vt 0.578448 1.912924
vt 0.988016 1.487020
vt 0.575251 1.915516
vt 0.320625 1.984112
vt 0.988019 1.493717
vt 0.575496 1.920880
vt 0.312045 1.980728
vt 0.970634 1.446897
vt 0.312022 1.971997
vt 0.970634 1.437845
vt 0.312019 1.986063
vt 0.968389 1.453044
vt 0.312051 1.990615
vt 0.964249 1.458902
vt 0.312033 1.992940
vt 0.958971 1.462762
vt 0.312043 1.993632
vt 0.952186 1.465345
vt 0.962466 1.179068
vt 0.563183 1.954879
vt 0.302803 1.993502
vt 0.056089 1.928530
vt 0.554575 1.957989
vt 0.294200 1.996043
vt 0.901133 1.719536
vt 0.312034 1.962920
vt 0.967156 1.429390
vt 0.312052 1.954961
vt 0.900658 1.961867
vt 0.960712 1.422910
vt 0.900643 1.967854
vt 0.954088 1.419933
vt 0.683616 1.927120
vt 0.987751 1.011977
vt 0.987815 1.006190
vt 0.683617 1.917977
vt 0.685421 1.917557
vt 0.262127 1.961882
vt 0.685363 1.928009
vt 0.262054 1.968454
vt 0.685829 1.933186
vt 0.987732 1.017534
vt 0.690676 1.937379
vt 0.262060 1.978506
vt 0.690019 1.939116
vt 0.987749 1.024538
vt 0.697555 1.942336
vt 0.262126 1.986980
vt 0.697611 1.944194
vt 0.987819 1.033641
vt 0.262202 1.960112
vt 0.715846 1.992073
vt 0.687672 1.912002
vt 0.705811 1.944278
vt 0.262230 1.994614
vt 0.456105 1.995660
vt 0.706567 1.945974
vt 0.987933 1.041715
vt 0.159293 1.994549
vt 0.714173 1.942911
vt 0.456095 1.989953
vt 0.715521 1.944189
vt 0.159290 1.988168
vt 0.722881 1.937151
vt 0.456084 1.980374
vt 0.723117 1.939106
vt 0.159277 1.979763
vt 0.726926 1.933890
vt 0.159279 1.973312
vt 0.729526 1.927100
vt 0.159272 1.966200
vt 0.727155 1.929179
vt 0.456102 1.971358
vt 0.728280 1.923289
vt 0.456105 1.965805
vt 0.715873 1.953065
vt 0.729526 1.917960
vt 0.159288 1.958534
vt 0.692635 1.953681
vt 0.726297 1.913021
vt 0.715851 1.960954
vt 0.726032 1.909514
vt 0.692619 1.961640
vt 0.719267 1.904881
vt 0.715829 1.971518
vt 0.719577 1.903052
vt 0.692605 1.970716
vt 0.713211 1.901922
vt 0.715821 1.978121
vt 0.713728 1.900332
vt 0.692607 1.977008
vt 0.707325 1.900797
vt 0.715817 1.983460
vt 0.706576 1.899108
vt 0.692611 1.983409
vt 0.698962 1.902165
vt 0.715825 1.989219
vt 0.700201 1.900101
vt 0.692613 1.987830
vt 0.691759 1.906628
vt 0.715840 1.992156
vt 0.692622 1.991239
vt 0.693570 1.903062
vt 0.987558 1.755412
vt 0.956571 1.474219
vt 0.987567 1.763478
vt 0.947605 1.472435
vt 0.977664 1.765399
vt 0.467554 1.954749
vt 0.977662 1.758564
vt 0.474843 1.954549
vt 0.977712 1.771839
vt 0.461278 1.953219
vt 0.987589 1.769863
vt 0.941243 1.473425
vt 0.455147 1.949348
vt 0.977788 1.778905
vt 0.987660 1.777077
vt 0.934615 1.476385
vt 0.977670 1.753577
vt 0.480871 1.952340
vt 0.987615 1.749624
vt 0.964165 1.479302
vt 0.486794 1.948150
vt 0.977726 1.749335
vt 0.962326 1.213194
vt 0.924671 1.437957
vt 0.962288 1.204556
vt 0.924718 1.446957
vt 0.962238 1.197397
vt 0.927286 1.453657
vt 0.962241 1.191307
vt 0.931083 1.458878
vt 0.962286 1.185575
vt 0.937000 1.463090
vt 0.962375 1.181660
vt 0.943143 1.465341
vt 0.944848 1.731115
vt 0.914401 1.950818
vt 0.914411 1.943584
vt 0.947477 1.724274
vt 0.922987 1.946241
vt 0.089533 1.959289
vt 0.092098 1.952590
vt 0.922980 1.953400
vt 0.922999 1.940151
vt 0.085738 1.964507
vt 0.923042 1.934419
vt 0.079822 1.968718
vt 0.914451 1.935697
vt 0.947480 1.715129
vt 0.302801 1.987515
vt 0.062712 1.925556
vt 0.294194 1.989298
vt 0.902855 1.728515
vt 0.302771 1.981331
vt 0.069175 1.924551
vt 0.294202 1.983246
vt 0.906224 1.734119
vt 0.302791 1.974152
vt 0.076243 1.925763
vt 0.294216 1.975968
vt 0.911528 1.739171
vt 0.082176 1.928522
vt 0.302755 1.967812
vt 0.919911 1.742666
vt 0.294172 1.967145
vt 0.126291 1.946390
vt 0.947645 1.525952
vt 0.938677 1.527737
vt 0.126294 1.938324
vt 0.171154 1.905025
vt 0.136177 1.941307
vt 0.136213 1.948141
vt 0.163868 1.904826
vt 0.136258 1.954582
vt 0.157594 1.906358
vt 0.126349 1.952775
vt 0.954011 1.526940
vt 0.126429 1.959989
vt 0.960641 1.529898
vt 0.136352 1.961648
vt 0.151465 1.910231
vt 0.136428 1.967314
vt 0.520593 1.990726
vt 0.147116 1.914973
vt 0.126564 1.968061
vt 0.530472 1.990286
vt 0.967096 1.536358
vt 0.964181 1.565938
vt 0.530468 1.961944
vt 0.530460 1.969048
vt 0.968372 1.560009
vt 0.520568 1.967149
vt 0.147122 1.941039
vt 0.152112 1.946305
vt 0.520568 1.960255
vt 0.530459 1.975501
vt 0.970589 1.553941
vt 0.520551 1.976275
vt 0.143622 1.932602
vt 0.530455 1.983909
vt 0.970589 1.544795
vt 0.520569 1.984563
vt 0.143614 1.923442
vt 0.502288 1.931805
vt 0.952182 1.572356
vt 0.502315 1.926166
vt 0.958970 1.569752
vt 0.530472 1.956379
vt 0.512188 1.927420
vt 0.157606 1.949654
vt 0.520597 1.954879
vt 0.512196 1.935238
vt 0.166585 1.951444
vt 0.502298 1.940473
vt 0.943066 1.572357
vt 0.512177 1.944282
vt 0.175549 1.949652
vt 0.502284 1.949599
vt 0.934623 1.568862
vt 0.512180 1.953165
vt 0.183128 1.944570
vt 0.502295 1.957762
vt 0.928168 1.562404
vt 0.512189 1.959149
vt 0.187309 1.938642
vt 0.189521 1.932566
vt 0.512190 1.963334
vt 0.924671 1.553957
vt 0.502294 1.963737
vt 0.382295 1.956348
vt 0.938695 1.350050
vt 0.380014 1.954343
vt 0.589451 1.965171
vt 0.386734 1.954759
vt 0.589450 1.971487
vt 0.389546 1.956157
vt 0.945688 1.350083
vt 0.392582 1.953552
vt 0.589463 1.977442
vt 0.395606 1.953940
vt 0.952134 1.350074
vt 0.399817 1.949070
vt 0.589547 1.985682
vt 0.401529 1.949745
vt 0.959027 1.350043
vt 0.404757 1.942191
vt 0.589654 1.992426
vt 0.362032 1.964354
vt 0.405337 1.944531
vt 0.931112 1.813048
vt 0.964192 1.349981
vt 0.407934 1.937744
vt 0.936317 1.813040
vt 0.406699 1.933935
vt 0.362041 1.971174
vt 0.405333 1.925541
vt 0.362050 1.979427
vt 0.407934 1.928601
vt 0.944709 1.813031
vt 0.404445 1.920157
vt 0.953836 1.813029
vt 0.400875 1.918329
vt 0.362041 1.987815
vt 0.376038 1.954822
vt 0.933153 1.350015
vt 0.374463 1.952087
vt 0.589488 1.960512
vt 0.369106 1.948002
vt 0.589548 1.956574
vt 0.369891 1.950942
vt 0.928404 1.349916
vt 0.365530 1.946187
vt 0.925620 1.349823
vt 0.400077 1.915393
vt 0.959931 1.813038
vt 0.393939 1.911516
vt 0.965911 1.813048
vt 0.300611 1.952630
vt 0.393984 1.913362
vt 0.362039 1.995101
vt 0.343449 1.954961
vt 0.385746 1.911422
vt 0.343429 1.962190
vt 0.384992 1.909729
vt 0.292668 1.952626
vt 0.379075 1.912327
vt 0.343425 1.968820
vt 0.376029 1.911511
vt 0.283595 1.952608
vt 0.373570 1.914655
vt 0.343425 1.974786
vt 0.370520 1.914868
vt 0.277309 1.952610
vt 0.365741 1.943038
vt 0.343453 1.991123
vt 0.589629 1.954801
vt 0.363548 1.936642
vt 0.343432 1.991206
vt 0.362032 1.937729
vt 0.924743 1.349696
vt 0.262093 1.952630
vt 0.362034 1.928589
vt 0.264953 1.952626
vt 0.363844 1.928184
vt 0.343433 1.988276
vt 0.365530 1.920137
vt 0.270920 1.952606
vt 0.367371 1.920437
vt 0.343412 1.982494
vt 0.978751 1.019313
vt 0.928225 1.242473
vt 0.978768 1.011410
vt 0.924731 1.250926
vt 0.978853 1.005878
vt 0.924730 1.260062
vt 0.987933 1.003554
vt 0.692635 1.992353
vt 0.687112 1.909530
vt 0.978964 1.003545
vt 0.683651 1.992392
vt 0.928228 1.268519
vt 0.152047 1.985710
vt 0.959068 1.530877
vt 0.152113 1.991847
vt 0.964113 1.535341
vt 0.152011 1.977236
vt 0.951127 1.527907
vt 0.152190 1.996455
vt 0.378215 1.994718
vt 0.967397 1.540338
vt 0.152022 1.971486
vt 0.945135 1.527863
vt 0.152053 1.965752
vt 0.938623 1.529583
vt 0.977786 1.262511
vt 0.534541 1.902700
vt 0.977719 1.253409
vt 0.526952 1.907784
vt 0.986730 1.257138
vt 0.960628 1.583133
vt 0.986817 1.265981
vt 0.952192 1.579638
vt 0.986688 1.248074
vt 0.967086 1.589597
vt 0.977709 1.246404
vt 0.522763 1.913718
vt 0.977899 1.270586
vt 0.543495 1.900912
vt 0.184358 1.994549
vt 0.986913 1.271878
vt 0.944940 1.579448
vt 0.175369 1.993374
vt 0.520551 1.919787
vt 0.977724 1.240848
vt 0.970580 1.598046
vt 0.986715 1.240171
vt 0.699717 1.983394
vt 0.543504 1.947789
vt 0.699718 1.976994
vt 0.550654 1.946558
vt 0.708708 1.978788
vt 0.943060 1.625610
vt 0.699725 1.970702
vt 0.556501 1.943834
vt 0.708702 1.969893
vt 0.934621 1.622114
vt 0.699728 1.961626
vt 0.562955 1.937366
vt 0.708718 1.960861
vt 0.928165 1.615652
vt 0.699743 1.953666
vt 0.566448 1.928916
vt 0.184358 1.958534
vt 0.708735 1.953065
vt 0.924671 1.607208
vt 0.175366 1.959126
vt 0.708704 1.986184
vt 0.952189 1.625606
vt 0.699725 1.987815
vt 0.537131 1.946800
vt 0.708715 1.990962
vt 0.960626 1.622103
vt 0.699735 1.991225
vt 0.530503 1.943843
vt 0.708735 1.992392
vt 0.967081 1.615638
vt 0.986913 1.232307
vt 0.699754 1.992339
vt 0.977920 1.232424
vt 0.524046 1.937378
vt 0.683628 1.986184
vt 0.943116 1.278478
vt 0.683616 1.978788
vt 0.952242 1.278476
vt 0.683628 1.969893
vt 0.960679 1.274973
vt 0.683632 1.960861
vt 0.967134 1.268506
vt 0.683639 1.990962
vt 0.934681 1.274981
vt 0.455793 1.913292
vt 0.547461 1.960255
vt 0.455432 1.915668
vt 0.447298 1.968950
vt 0.450476 1.922557
vt 0.447292 1.977299
vt 0.450801 1.918556
vt 0.547450 1.967149
vt 0.447300 1.926989
vt 0.547461 1.976275
vt 0.461288 1.909944
vt 0.749045 1.925079
vt 0.547447 1.954879
vt 0.462630 1.911205
vt 0.447323 1.961839
vt 0.724650 1.956461
vt 0.468515 1.909986
vt 0.724645 1.961566
vt 0.470271 1.908152
vt 0.749011 1.932896
vt 0.475271 1.910409
vt 0.724645 1.968059
vt 0.448758 1.929069
vt 0.447296 1.983925
vt 0.447292 1.936145
vt 0.547449 1.984563
vt 0.448801 1.935071
vt 0.447292 1.989337
vt 0.450795 1.944610
vt 0.977901 1.784571
vt 0.547440 1.990726
vt 0.451776 1.943028
vt 0.271032 1.995131
vt 0.447312 1.995267
vt 0.457551 1.949221
vt 0.270935 1.987644
vt 0.465267 1.952738
vt 0.270865 1.979193
vt 0.479238 1.909943
vt 0.749015 1.941940
vt 0.482955 1.913921
vt 0.724622 1.976494
vt 0.486820 1.915021
vt 0.749010 1.950823
vt 0.488729 1.920119
vt 0.724624 1.984068
vt 0.491003 1.920945
vt 0.749010 1.956807
vt 0.473745 1.953031
vt 0.270853 1.971071
vt 0.481649 1.950078
vt 0.270892 1.964551
vt 0.486726 1.945596
vt 0.270946 1.961205
vt 0.490022 1.940582
vt 0.271032 1.959720
vt 0.724650 1.992379
vt 0.490610 1.942933
vt 0.977804 1.747424
vt 0.493217 1.936118
vt 0.749046 1.964147
vt 0.977926 1.747177
vt 0.491967 1.932321
vt 0.724633 1.991341
vt 0.493217 1.927019
vt 0.749023 1.960992
vt 0.491064 1.925647
vt 0.724621 1.988178
vt 0.933568 1.698072
vt 0.554582 1.993322
vt 0.929557 1.698531
vt 0.996433 1.454364
vt 0.921063 1.698211
vt 0.996437 1.450167
vt 0.937244 1.702066
vt 0.336330 1.954961
vt 0.996456 1.455400
vt 0.941509 1.706299
vt 0.336243 1.956447
vt 0.944877 1.712125
vt 0.336182 1.959763
vt 0.946220 1.720509
vt 0.336141 1.966312
vt 0.945077 1.726409
vt 0.336132 1.971980
vt 0.942119 1.732442
vt 0.336178 1.978683
vt 0.913120 1.701168
vt 0.996433 1.443471
vt 0.906917 1.706937
vt 0.996428 1.435297
vt 0.903386 1.714648
vt 0.996426 1.426876
vt 0.940969 1.736375
vt 0.914426 1.957322
vt 0.935911 1.738219
vt 0.336263 1.986814
vt 0.935090 1.740495
vt 0.914507 1.963858
vt 0.930368 1.740550
vt 0.393728 1.995762
vt 0.336331 1.991637
vt 0.929152 1.742666
vt 0.914591 1.968743
vt 0.294172 1.959720
vt 0.923705 1.741436
vt 0.393711 1.990937
vt 0.915461 1.739468
vt 0.393709 1.983138
vt 0.910456 1.736152
vt 0.393722 1.977137
vt 0.906024 1.731105
vt 0.393711 1.970562
vt 0.903071 1.723146
vt 0.393720 1.963438
vt 0.996456 1.419478
vt 0.988044 1.497914
vt 0.575816 1.929388
vt 0.996457 1.498750
vt 0.926182 1.545869
vt 0.996459 1.498419
vt 0.152190 1.959122
vt 0.929143 1.537945
vt 0.996440 1.495809
vt 0.926475 1.554362
vt 0.996430 1.490049
vt 0.929987 1.562079
vt 0.988024 1.452245
vt 0.968772 1.500860
vt 0.988020 1.446485
vt 0.965261 1.508581
vt 0.988032 1.455186
vt 0.969065 1.492363
vt 0.988016 1.441148
vt 0.961058 1.512855
vt 0.955242 1.516249
vt 0.988022 1.434551
vt 0.996433 1.484712
vt 0.934191 1.566350
vt 0.940010 1.569742
vt 0.996433 1.478115
vt 0.402128 1.979640
vt 0.927285 1.503496
vt 0.402115 1.987899
vt 0.925919 1.495095
vt 0.402123 1.971249
vt 0.931746 1.510710
vt 0.402132 1.963974
vt 0.938626 1.515670
vt 0.988044 1.418927
vt 0.978871 1.037219
vt 0.943115 1.232502
vt 0.978781 1.028376
vt 0.934681 1.236004
vt 0.978975 1.043116
vt 0.168278 1.993375
vt 0.950365 1.232307
vt 0.378218 1.987899
vt 0.969344 1.548592
vt 0.378199 1.979640
vt 0.967977 1.556989
vt 0.582347 1.962314
vt 0.563218 1.933854
vt 0.573551 1.962906
vt 0.164823 1.949603
vt 0.573570 1.957801
vt 0.471987 1.961839
vt 0.158940 1.948384
vt 0.582368 1.954425
vt 0.463194 1.965799
vt 0.565201 1.923582
vt 0.573530 1.969399
vt 0.171577 1.949179
vt 0.582338 1.972878
vt 0.556190 1.942001
vt 0.573536 1.977835
vt 0.179257 1.945664
vt 0.582336 1.979481
vt 0.550136 1.944965
vt 0.582339 1.984819
vt 0.544252 1.946094
vt 0.573532 1.985409
vt 0.185030 1.939461
vt 0.327881 1.955625
vt 0.988061 1.454855
vt 0.966104 1.484436
vt 0.327796 1.958425
vt 0.961635 1.479367
vt 0.327752 1.962256
vt 0.956629 1.476072
vt 0.327727 1.967989
vt 0.950118 1.474352
vt 0.327739 1.973740
vt 0.944129 1.474397
vt 0.471994 1.968950
vt 0.151745 1.943920
vt 0.463187 1.971352
vt 0.564075 1.917692
vt 0.471990 1.977299
vt 0.146792 1.937029
vt 0.463196 1.980368
vt 0.559803 1.909722
vt 0.471985 1.983925
vt 0.145074 1.930513
vt 0.145117 1.924509
vt 0.471994 1.989337
vt 0.551098 1.903967
vt 0.463192 1.989947
vt 0.573545 1.992681
vt 0.188266 1.927254
vt 0.573542 1.989518
vt 0.187363 1.933931
vt 0.582341 1.990579
vt 0.535891 1.944732
vt 0.582349 1.993516
vt 0.528691 1.940274
vt 0.573558 1.993719
vt 0.278308 1.959720
vt 0.186322 1.918989
vt 0.582368 1.993432
vt 0.287090 1.960000
vt 0.524604 1.934901
vt 0.402132 1.994719
vt 0.327951 1.992958
vt 0.927865 1.486836
vt 0.605960 1.991678
vt 0.944545 1.580917
vt 0.488166 1.994041
vt 0.605870 1.983979
vt 0.953541 1.581784
vt 0.614952 1.985599
vt 0.865580 1.929330
vt 0.615063 1.992342
vt 0.870522 1.936205
vt 0.479079 1.993121
vt 0.605820 1.978168
vt 0.959057 1.584119
vt 0.614895 1.977358
vt 0.858343 1.924851
vt 0.605802 1.971441
vt 0.964102 1.588583
vt 0.614869 1.971403
vt 0.852492 1.923647
vt 0.605806 1.965784
vt 0.967392 1.593594
vt 0.614883 1.965087
vt 0.845769 1.924064
vt 0.605850 1.960467
vt 0.969108 1.600114
vt 0.614917 1.960429
vt 0.840216 1.926320
vt 0.969063 1.606111
vt 0.605904 1.956871
vt 0.834857 1.930404
vt 0.614987 1.956490
vt 0.732821 1.972451
vt 0.934468 1.620153
vt 0.732849 1.963688
vt 0.928722 1.613169
vt 0.741918 1.965282
vt 0.851504 1.966964
vt 0.741905 1.971912
vt 0.844830 1.966061
vt 0.741896 1.977878
vt 0.839323 1.963734
vt 0.732827 1.982593
vt 0.944123 1.624092
vt 0.732857 1.958597
vt 0.926472 1.607612
vt 0.488166 1.961839
vt 0.741928 1.958053
vt 0.859744 1.965023
vt 0.479095 1.962374
vt 0.741907 1.985587
vt 0.833121 1.957956
vt 0.952601 1.623792
vt 0.732829 1.989287
vt 0.741899 1.991368
vt 0.829593 1.950214
vt 0.278155 1.964551
vt 0.177952 1.909490
vt 0.278237 1.961205
vt 0.183027 1.913973
vt 0.287014 1.961771
vt 0.522354 1.929346
vt 0.522296 1.918892
vt 0.286923 1.968342
vt 0.170050 1.906536
vt 0.278114 1.971071
vt 0.758905 1.947267
vt 0.960622 1.515363
vt 0.758901 1.955431
vt 0.967076 1.508901
vt 0.758899 1.938142
vt 0.952183 1.518862
vt 0.758929 1.929474
vt 0.943070 1.518862
vt 0.758925 1.923835
vt 0.537568 1.956372
vt 0.936285 1.516258
vt 0.926178 1.599128
vt 0.488149 1.968960
vt 0.924671 1.598061
vt 0.175365 1.966966
vt 0.929149 1.591178
vt 0.488150 1.977305
vt 0.926887 1.591993
vt 0.175360 1.973310
vt 0.931078 1.586060
vt 0.175363 1.980556
vt 0.934931 1.584969
vt 0.488149 1.985610
vt 0.938672 1.580977
vt 0.175367 1.988831
vt 0.960321 1.620263
vt 0.732834 1.993469
vt 0.966094 1.614059
vt 0.732857 1.994500
vt 0.606021 1.954425
vt 0.970580 1.607181
vt 0.986783 1.234639
vt 0.070644 1.960732
vt 0.078406 1.957179
vt 0.062910 1.959136
vt 0.057849 1.968381
vt 0.563168 1.992858
vt 0.057569 1.953728
vt 0.056256 1.947289
vt 0.057950 1.941085
vt 0.063255 1.936107
vt 0.070386 1.934675
vt 0.076620 1.937005
vt 0.088660 1.935043
vt 0.923231 1.969234
vt 0.302803 1.960252
vt 0.081476 1.942858
vt 0.092141 1.943590
vt 0.923090 1.962038
vt 0.081950 1.950450
vt 0.959493 1.448118
vt 0.960803 1.441680
vt 0.954156 1.453525
vt 0.946424 1.455118
vt 0.959107 1.435475
vt 0.953800 1.430494
vt 0.946669 1.429059
vt 0.751927 1.976030
vt 0.954100 1.435985
vt 0.751952 1.981835
vt 0.956459 1.441337
vt 0.749018 1.980558
vt 0.896267 1.613353
vt 0.749010 1.974979
vt 0.890437 1.612959
vt 0.749099 1.986622
vt 0.900852 1.618247
vt 0.980595 1.513859
vt 0.752028 1.986925
vt 0.955049 1.447068
vt 0.977673 1.513520
vt 0.949523 1.433665
vt 0.751962 1.972496
vt 0.886842 1.615002
vt 0.749043 1.972377
vt 0.942132 1.836909
vt 0.630161 1.920045
vt 0.937965 1.836912
vt 0.631052 1.915558
vt 0.934244 1.836916
vt 0.632800 1.911332
vt 0.931112 1.836921
vt 0.964192 1.373851
vt 0.635337 1.907528
vt 0.946585 1.836908
vt 0.630162 1.924620
vt 0.418371 1.977382
vt 0.845566 1.246768
vt 0.415463 1.978699
vt 0.060600 1.946949
vt 0.062957 1.941597
vt 0.415432 1.972893
vt 0.839738 1.247164
vt 0.418358 1.971804
vt 0.418458 1.983447
vt 0.850149 1.241872
vt 0.931115 1.981982
vt 0.415544 1.983788
vt 0.062014 1.952680
vt 0.934037 1.981643
vt 0.956532 1.373926
vt 0.642363 1.901751
vt 0.952134 1.373944
vt 0.646583 1.900000
vt 0.960604 1.373894
vt 0.638566 1.904293
vt 0.947579 1.373950
vt 0.651062 1.899108
vt 0.943041 1.373942
vt 0.655629 1.899108
vt 0.938695 1.373920
vt 0.660109 1.900000
vt 0.537556 1.969041
vt 0.926886 1.506512
vt 0.537557 1.961936
vt 0.931076 1.512443
vt 0.537553 1.975494
vt 0.924671 1.500442
vt 0.537562 1.983902
vt 0.924671 1.491291
vt 0.741924 1.994298
vt 0.829298 1.941760
vt 0.741928 1.994216
vt 0.831491 1.935367
vt 0.615063 1.954717
vt 0.352491 1.979518
vt 0.951181 1.276963
vt 0.352496 1.986212
vt 0.942705 1.276669
vt 0.352510 1.990393
vt 0.934988 1.273145
vt 0.352507 1.969376
vt 0.960834 1.273017
vt 0.189521 1.923462
vt 0.512196 1.966489
vt 0.136428 1.929920
vt 0.186915 1.916644
vt 0.136333 1.930167
vt 0.183100 1.911426
vt 0.136257 1.932078
vt 0.177180 1.907234
vt 0.136206 1.936319
vt 0.161576 1.906831
vt 0.278129 1.979192
vt 0.153863 1.910351
vt 0.278190 1.987644
vt 0.148090 1.916548
vt 0.278309 1.995131
vt 0.471988 1.995267
vt 0.378208 1.971248
vt 0.963515 1.564201
vt 0.378213 1.963973
vt 0.956632 1.569160
vt 0.996459 1.462491
vt 0.327870 1.988351
vt 0.931148 1.481837
vt 0.327796 1.982213
vt 0.936191 1.477370
vt 0.152114 1.961921
vt 0.933615 1.532878
vt 0.352517 1.991424
vt 0.598721 1.954425
vt 0.929217 1.266944
vt 0.938660 1.451561
vt 0.598595 1.983980
vt 0.941768 1.234655
vt 0.598721 1.991678
vt 0.371118 1.963438
vt 0.950762 1.233780
vt 0.598547 1.978168
vt 0.936253 1.236993
vt 0.598517 1.971441
vt 0.931209 1.241463
vt 0.598522 1.965784
vt 0.927920 1.246476
vt 0.900852 1.624150
vt 0.980593 1.508631
vt 0.897910 1.628234
vt 0.018256 1.965749
vt 0.980595 1.503644
vt 0.893196 1.629996
vt 0.018248 1.969422
vt 0.887555 1.628470
vt 0.018244 1.975222
vt 0.884576 1.624292
vt 0.018247 1.979588
vt 0.884123 1.619356
vt 0.018255 1.981914
vt 0.749114 1.971437
vt 0.936317 1.860787
vt 0.873704 1.940645
vt 0.944709 1.860785
vt 0.873704 1.949783
vt 0.951152 1.836908
vt 0.631053 1.929107
vt 0.953836 1.860787
vt 0.870213 1.958224
vt 0.955659 1.836909
vt 0.632801 1.933334
vt 0.959931 1.836911
vt 0.635339 1.937138
vt 0.959931 1.860784
vt 0.865843 1.962987
vt 0.963806 1.836915
vt 0.302497 1.928765
vt 0.638569 1.940373
vt 0.965911 1.860786
vt 0.300643 1.904891
vt 0.859703 1.966863
vt 0.273209 1.928738
vt 0.668130 1.940373
vt 0.269560 1.928741
vt 0.671359 1.937138
vt 0.266517 1.928746
vt 0.673896 1.933334
vt 0.264197 1.928751
vt 0.675643 1.929107
vt 0.277325 1.928737
vt 0.664332 1.942915
vt 0.281749 1.928738
vt 0.660113 1.944665
vt 0.286311 1.928741
vt 0.655633 1.945558
vt 0.925089 1.373658
vt 0.675642 1.915558
vt 0.926329 1.373725
vt 0.673894 1.911331
vt 0.262054 1.928767
vt 0.924730 1.373589
vt 0.676534 1.920045
vt 0.928404 1.373787
vt 0.671356 1.907528
vt 0.931233 1.373841
vt 0.668126 1.904293
vt 0.934708 1.373886
vt 0.664329 1.901751
vt 0.264985 1.904872
vt 0.827786 1.949805
vt 0.270951 1.904873
vt 0.831284 1.958251
vt 0.262691 1.928758
vt 0.676534 1.924620
vt 0.262124 1.904896
vt 0.827785 1.940668
vt 0.924743 1.397424
vt 0.931112 1.860794
vt 0.964192 1.397721
vt 0.871105 1.933861
vt 0.950265 1.450425
vt 0.977670 1.508202
vt 0.945235 1.450375
vt 0.021178 1.965975
vt 0.977673 1.503256
vt 0.941079 1.447536
vt 0.021170 1.969815
vt 0.935114 1.444831
vt 0.939070 1.441985
vt 0.021167 1.975702
vt 0.935584 1.437239
vt 0.940690 1.437301
vt 0.021170 1.979791
vt 0.944580 1.433958
vt 0.021178 1.981984
vt 0.752028 1.971361
vt 0.940437 1.431387
vt 0.933153 1.397726
vt 0.841795 1.923580
vt 0.938695 1.397791
vt 0.848055 1.922054
vt 0.945688 1.397816
vt 0.855308 1.922244
vt 0.928404 1.397657
vt 0.835646 1.927460
vt 0.831284 1.932213
vt 0.925620 1.397574
vt 0.299088 1.928757
vt 0.642367 1.942915
vt 0.295150 1.928751
vt 0.646586 1.944665
vt 0.292700 1.904867
vt 0.850753 1.968651
vt 0.290836 1.928745
vt 0.651066 1.945558
vt 0.283626 1.904869
vt 0.841787 1.966871
vt 0.277341 1.904864
vt 0.836275 1.963517
vt 0.952134 1.397815
vt 0.861371 1.924458
vt 0.959027 1.397776
vt 0.867296 1.928650
vt 0.076370 1.942919
vt 0.028264 1.979788
vt 0.833879 1.235826
vt 0.031186 1.979588
vt 0.031193 1.981914
vt 0.833426 1.240763
vt 0.418458 1.968262
vt 0.028272 1.981982
vt 0.072478 1.939574
vt 0.415528 1.968225
vt 0.987793 1.785149
vt 0.537560 1.990279
vt 0.928162 1.482850
vt 0.758922 1.961406
vt 0.970571 1.500449
vt 0.758929 1.964271
vt 0.987793 1.746997
vt 0.970570 1.491301
vt 0.987702 1.747345
vt 0.968355 1.485233
vt 0.866639 1.960057
vt 0.479081 1.969660
vt 0.871098 1.952847
vt 0.479082 1.978048
vt 0.872464 1.944457
vt 0.479076 1.986301
vt 0.946877 1.517615
vt 0.988030 1.426165
vt 0.168268 1.988832
vt 0.956631 1.233832
vt 0.168262 1.980558
vt 0.964223 1.238911
vt 0.168264 1.973312
vt 0.968413 1.244842
vt 0.168264 1.966968
vt 0.970627 1.250910
vt 0.168278 1.959127
vt 0.683646 1.953065
vt 0.970627 1.260059
vt 0.926888 1.538748
vt 0.126436 1.930257
vt 0.931080 1.532818
vt 0.126353 1.932536
vt 0.924672 1.544813
vt 0.502316 1.966602
vt 0.126535 1.929909
vt 0.948378 1.571105
vt 0.996444 1.469729
vt 0.371115 1.971870
vt 0.960373 1.237827
vt 0.371118 1.980174
vt 0.966153 1.244033
vt 0.371108 1.988520
vt 0.969123 1.251983
vt 0.371108 1.995640
vt 0.352517 1.955522
vt 0.968828 1.260468
vt 0.352504 1.960613
vt 0.966579 1.266028
vt 0.598613 1.956871
vt 0.926249 1.258997
vt 0.598555 1.960467
vt 0.926204 1.252998
vt 0.067534 1.939279
vt 0.415463 1.969360
vt 0.077992 1.947603
vt 0.028260 1.975700
vt 0.075985 1.953153
vt 0.028263 1.969813
vt 0.071830 1.955990
vt 0.028270 1.965973
vt 0.934037 1.971380
vt 0.066799 1.956039
vt 0.934035 1.976326
vt 0.847207 1.231880
vt 0.031193 1.965749
vt 0.931114 1.971766
vt 0.850149 1.235967
vt 0.931112 1.976753
vt 0.842496 1.230118
vt 0.031186 1.969422
vt 0.836857 1.231645
vt 0.031182 1.975222
vt 0.836144 1.245119
vt 0.418389 1.969202
vt 0.534484 1.904554
vt 0.286985 1.986868
vt 0.527607 1.909517
vt 0.286927 1.978395
vt 0.542738 1.902605
vt 0.287090 1.994502
vt 0.463196 1.995655
vt 0.552447 1.902692
vt 0.184344 1.988168
vt 0.977805 1.235061
vt 0.520552 1.928932
vt 0.560041 1.907771
vt 0.184347 1.979763
vt 0.563848 1.912984
vt 0.184345 1.973312
vt 0.566448 1.919774
vt 0.184358 1.966200
vt 0.027318 1.899196
vt 0.471063 1.802663
vt 0.015314 1.899083
vt 0.459062 1.802463
vt 0.003541 1.865042
vt 0.606980 1.844490
vt 0.039091 1.899306
vt 0.636291 1.840736
vt 0.482833 1.802859
vt 0.039091 1.865376
vt 0.665690 1.876044
vt 0.003541 1.898973
vt 0.447292 1.802267
vt 0.571381 1.815483
vt 0.004522 1.851019
vt 0.613648 1.855748
vt 0.038250 1.851336
vt 0.678119 1.882574
vt 0.032922 1.801282
vt 0.723165 1.883438
vt 0.011162 1.965749
vt 0.010742 1.801074
vt 0.011162 1.985339
vt 0.615054 1.893822
vt 0.630161 1.865559
vt 0.596548 1.789356
vt 0.404665 1.902620
vt 0.630161 1.840743
vt 0.482952 1.795538
vt 0.571764 1.789356
vt 0.665690 1.888699
vt 0.404665 1.859582
vt 0.678119 1.892017
vt 0.405493 1.845235
vt 0.723165 1.891069
vt 0.003541 1.965755
vt 0.410738 1.795162
vt 0.820298 1.969677
vt 0.716466 1.640330
vt 0.969848 1.989563
vt 0.805603 1.969688
vt 0.262104 1.897739
vt 0.713643 1.625881
vt 0.805603 1.926809
vt 0.904496 1.869298
vt 0.304937 1.897774
vt 0.820298 1.926799
vt 0.907319 1.854851
vt 0.969848 1.946679
vt 0.447410 1.836482
vt 0.536384 1.844489
vt 0.482952 1.837075
vt 0.665690 1.805356
vt 0.481938 1.851145
vt 0.678119 1.798799
vt 0.448217 1.850583
vt 0.529982 1.855748
vt 0.453200 1.900692
vt 0.915555 1.610400
vt 0.529577 1.893822
vt 0.475375 1.901062
vt 0.723165 1.797851
vt 0.915555 1.629990
vt 0.003541 1.985345
vt 0.622674 1.893822
vt 0.432915 1.794945
vt 0.888256 1.840989
vt 0.312062 1.885733
vt 0.872893 1.835414
vt 0.304887 1.871500
vt 0.887605 1.831645
vt 0.312019 1.876805
vt 0.874182 1.841597
vt 0.304887 1.877263
vt 0.877804 1.851692
vt 0.304890 1.886343
vt 0.881064 1.856804
vt 0.304895 1.890633
vt 0.891168 1.845861
vt 0.987030 1.946669
vt 0.312123 1.889777
vt 0.895869 1.849586
vt 0.981886 1.946674
vt 0.872874 1.829097
vt 0.304890 1.865334
vt 0.882437 1.759199
vt 0.304937 1.794981
vt 0.130652 1.801089
vt 0.907319 1.752243
vt 0.312024 1.794945
vt 0.106885 1.801074
vt 0.885842 1.860533
vt 0.304903 1.893242
vt 0.749010 1.908030
vt 0.012231 1.793965
vt 0.127842 1.793984
vt 0.749010 1.792270
vt 0.529242 1.611773
vt 0.758990 1.792269
vt 0.758990 1.908029
vt 0.644866 1.611770
vt 0.759844 1.916743
vt 0.653557 1.603069
vt 0.906443 1.203464
vt 0.749865 1.916745
vt 0.003541 1.785263
vt 0.916468 1.203458
vt 0.262104 1.794945
vt 0.691588 1.735969
vt 0.130652 1.843972
vt 0.262055 1.869765
vt 0.681815 1.661532
vt 0.262054 1.877228
vt 0.683334 1.653558
vt 0.262058 1.886307
vt 0.686956 1.643465
vt 0.262070 1.893207
vt 0.694992 1.634631
vt 0.262062 1.890597
vt 0.690215 1.638356
vt 0.697380 1.654257
vt 0.354889 1.885662
vt 0.696516 1.661722
vt 0.354850 1.878612
vt 0.716466 1.742947
vt 0.354852 1.794945
vt 0.106885 1.843957
vt 0.700317 1.649309
vt 0.987030 1.989553
vt 0.354950 1.889777
vt 0.705017 1.645587
vt 0.981886 1.989557
vt 0.397583 1.838150
vt 0.523744 1.844489
vt 0.362032 1.838307
vt 0.665690 1.792700
vt 0.362032 1.795102
vt 0.630161 1.815928
vt 0.546981 1.789356
vt 0.397583 1.794945
vt 0.546535 1.809434
vt 0.396711 1.852515
vt 0.520551 1.855748
vt 0.362981 1.852664
vt 0.678119 1.789356
vt 0.391178 1.902542
vt 0.907934 1.610406
vt 0.521957 1.893822
vt 0.368997 1.902639
vt 0.723165 1.790220
vt 0.907934 1.629996
vt 0.447410 1.794945
vt 0.571319 1.809434
vt 0.596102 1.809434
vt 0.440210 1.902274
vt 0.619619 1.844489
vt 0.440210 1.859236
vt 0.623079 1.855748
vt 0.439216 1.844906
vt 0.471181 1.795342
vt 0.571617 1.796005
vt 0.459180 1.795142
vt 0.571466 1.802785
vt 0.670667 1.415987
vt 0.520551 1.412020
vt 0.670843 1.606953
vt 0.520551 1.603072
vt 0.759844 1.783580
vt 0.660815 1.606962
vt 0.136532 1.785284
vt 0.749865 1.783582
vt 0.660639 1.415995
vt 0.136532 1.594230
vt 0.529242 1.403319
vt 0.670671 1.407011
vt 0.127842 1.585527
vt 0.660644 1.407020
vt 0.644866 1.403316
vt 0.906443 1.003550
vt 0.670843 1.403316
vt 0.653557 1.412017
vt 0.906229 1.012450
vt 0.012231 1.585509
vt 0.916468 1.003545
vt 0.660815 1.403325
vt 0.003541 1.594209
vt 0.916254 1.012444
vt 0.266936 1.675428
vt 0.266936 1.629595
vt 0.295524 1.629534
vt 0.827785 1.914964
vt 0.217571 1.561907
vt 0.295524 1.675366
vt 0.217571 1.515645
vt 0.266936 1.753801
vt 0.217571 1.436538
vt 0.295524 1.753739
vt 0.307598 1.603147
vt 0.284714 1.603196
vt 0.307598 1.552378
vt 0.284714 1.552427
vt 0.296621 1.497726
vt 0.268550 1.497786
vt 0.296621 1.420328
vt 0.268550 1.420389
vt 0.445947 1.602851
vt 0.458021 1.629186
vt 0.833426 1.163626
vt 0.827785 1.752257
vt 0.468836 1.602802
vt 0.486614 1.629125
vt 0.468836 1.552032
vt 0.445947 1.552081
vt 0.458021 1.675019
vt 0.833426 1.117349
vt 0.486614 1.674957
vt 0.458021 1.753392
vt 0.833426 1.038216
vt 0.486614 1.753330
vt 0.456924 1.497383
vt 0.484999 1.497323
vt 0.484999 1.419925
vt 0.456924 1.419985
vt 0.759757 1.754914
vt 0.489914 1.420094
vt 0.489914 1.497492
vt 0.759771 1.676791
vt 0.473751 1.552202
vt 0.759834 1.622119
vt 0.473751 1.602971
vt 0.759843 1.570874
vt 0.491529 1.629294
vt 0.759790 1.543700
vt 0.491529 1.675126
vt 0.759798 1.497439
vt 0.491529 1.753499
vt 0.759813 1.418332
vt 0.263669 1.420555
vt 0.802955 1.279495
vt 0.263669 1.497953
vt 0.803082 1.357644
vt 0.279833 1.552593
vt 0.803639 1.412543
vt 0.803722 1.463805
vt 0.279833 1.603362
vt 0.482952 1.768507
vt 0.134235 1.911208
vt 0.759844 1.403475
vt 0.478037 1.768338
vt 0.452911 1.768392
vt 0.833574 1.022985
vt 0.872624 1.117370
vt 0.628523 1.782168
vt 0.872624 1.163647
vt 0.865792 1.752243
vt 0.674301 1.782266
vt 0.846434 1.082980
vt 0.840260 1.060512
vt 0.576812 1.781560
vt 0.842821 1.038221
vt 0.554402 1.781552
vt 0.866625 1.079366
vt 0.591769 1.781997
vt 0.851054 1.075795
vt 0.590417 1.781755
vt 0.843580 1.023333
vt 0.539693 1.775998
vt 0.865792 1.914950
vt 0.178357 1.561911
vt 0.674301 1.619577
vt 0.766926 1.807554
vt 0.334014 1.387558
vt 0.673576 1.952648
vt 0.766961 1.691019
vt 0.450397 1.388209
vt 0.710109 1.750037
vt 0.794851 1.835080
vt 0.306933 1.391432
vt 0.673576 1.982292
vt 0.794903 1.663489
vt 0.478300 1.392391
vt 0.710702 1.778990
vt 0.799624 1.638107
vt 0.254973 1.401593
vt 0.503824 1.373558
vt 0.799623 1.860880
vt 0.871236 1.232307
vt 0.281344 1.372043
vt 0.171275 1.408417
vt 0.880330 1.017033
vt 0.932932 1.171977
vt 0.171275 1.571568
vt 0.880330 1.180184
vt 0.924030 1.752243
vt 0.168314 1.578419
vt 0.916472 1.754156
vt 0.168314 1.401593
vt 0.925549 1.169962
vt 0.167513 1.577942
vt 0.914496 1.754629
vt 0.923561 1.169491
vt 0.167513 1.402077
vt 0.900228 1.585825
vt 0.923959 1.912919
vt 0.900241 1.548249
vt 0.924017 1.875333
vt 0.900211 1.496802
vt 0.923684 1.824596
vt 0.900231 1.433257
vt 0.923769 1.761060
vt 0.900241 1.427216
vt 0.879706 1.186247
vt 0.923851 1.754892
vt 0.900235 1.592826
vt 0.063515 1.200259
vt 0.924030 1.919778
vt 0.511129 1.773511
vt 0.200923 1.196324
vt 0.511833 1.911112
vt 0.070344 1.197377
vt 0.511833 1.780375
vt 0.207796 1.199095
vt 0.900421 1.238214
vt 0.511129 1.917967
vt 0.932932 1.004619
vt 0.054656 1.033182
vt 0.196770 1.906455
vt 0.197100 1.987610
vt 0.055277 1.113289
vt 0.196934 1.987680
vt 0.055143 1.113389
vt 0.196603 1.906380
vt 0.054522 1.033139
vt 0.225560 1.401710
vt 0.055779 1.031549
vt 0.197100 1.904890
vt 0.224653 1.557445
vt 0.980551 1.217919
vt 0.224653 1.403199
vt 0.980551 1.063655
vt 0.224783 1.403570
vt 0.057637 1.030763
vt 0.977662 1.582908
vt 0.224783 1.557089
vt 0.210987 1.029525
vt 0.977662 1.736444
vt 0.225519 1.401593
vt 0.979794 1.062038
vt 0.055665 1.031512
vt 0.196958 1.904826
vt 0.225560 1.558959
vt 0.212856 1.030281
vt 0.731415 1.866327
vt 0.225519 1.559071
vt 0.979794 1.219534
vt 0.212970 1.030242
vt 0.731270 1.866392
vt 0.879706 1.010964
vt 0.900476 1.403679
vt 0.932912 1.169250
vt 0.254900 1.674904
vt 0.512871 1.102609
vt 0.513469 1.025214
vt 0.254885 1.753027
vt 0.254963 1.620232
vt 0.496286 1.157192
vt 0.254972 1.568987
vt 0.495894 1.207960
vt 0.254919 1.541814
vt 0.513469 1.234420
vt 0.254927 1.495552
vt 0.513115 1.280251
vt 0.254942 1.416449
vt 0.512510 1.358618
vt 0.871523 1.372420
vt 0.274206 1.233080
vt 0.871507 1.326143
vt 0.273852 1.278912
vt 0.871479 1.247011
vt 0.273247 1.357282
vt 0.871018 1.399372
vt 0.292187 1.206820
vt 0.871036 1.450633
vt 0.292579 1.156052
vt 0.871523 1.505534
vt 0.889486 1.201924
vt 0.276838 1.101288
vt 0.524229 1.284275
vt 0.509160 1.673741
vt 0.524204 1.360588
vt 0.520551 1.362388
vt 0.723604 1.418173
vt 0.520551 1.284276
vt 0.723590 1.497280
vt 0.509171 1.628597
vt 0.524229 1.239697
vt 0.520551 1.238595
vt 0.723581 1.543541
vt 0.542009 1.213419
vt 0.509118 1.601423
vt 0.538331 1.212317
vt 0.723635 1.570715
vt 0.542009 1.161193
vt 0.509131 1.548533
vt 0.538331 1.161716
vt 0.723626 1.621960
vt 0.525844 1.106705
vt 0.509196 1.493860
vt 0.522166 1.107228
vt 0.723562 1.676632
vt 0.525844 1.031908
vt 0.509214 1.418111
vt 0.522166 1.030087
vt 0.723548 1.754755
vt 0.551080 1.013277
vt 0.578844 1.013269
vt 0.701552 1.013231
vt 0.729310 1.013183
vt 0.754551 1.031758
vt 0.758229 1.029940
vt 0.766926 1.279627
vt 0.754553 1.106561
vt 0.758229 1.107081
vt 0.767053 1.357775
vt 0.738388 1.161059
vt 0.742064 1.161579
vt 0.767610 1.412675
vt 0.738388 1.213283
vt 0.742064 1.212180
vt 0.767693 1.463936
vt 0.756168 1.239551
vt 0.759844 1.238448
vt 0.767222 1.490888
vt 0.756168 1.284129
vt 0.759844 1.284128
vt 0.767297 1.537165
vt 0.756168 1.360432
vt 0.759844 1.362241
vt 0.767425 1.616298
vt 0.755124 1.360086
vt 0.499093 1.414205
vt 0.755124 1.284298
vt 0.499110 1.490983
vt 0.737344 1.213766
vt 0.498611 1.562777
vt 0.737344 1.161080
vt 0.498623 1.616151
vt 0.753509 1.106581
vt 0.499103 1.671052
vt 0.755124 1.240034
vt 0.499120 1.535825
vt 0.747971 1.375133
vt 0.713531 1.618791
vt 0.746913 1.374775
vt 0.498851 1.399481
vt 0.714673 1.617729
vt 0.751612 1.376925
vt 0.767688 1.631016
vt 0.958222 1.342606
vt 0.724925 1.392432
vt 0.881254 1.958178
vt 0.709197 1.595697
vt 0.753508 1.032445
vt 0.499120 1.746156
vt 0.498644 1.764961
vt 0.728966 1.014384
vt 0.701760 1.014430
vt 0.578639 1.014468
vt 0.551428 1.014477
vt 0.510177 1.399481
vt 0.526889 1.032592
vt 0.510254 1.418601
vt 0.217555 1.421514
vt 0.300428 1.768459
vt 0.207519 1.421598
vt 0.539686 1.623858
vt 0.208173 1.436539
vt 0.554402 1.618863
vt 0.210735 1.458824
vt 0.576812 1.618872
vt 0.204558 1.481282
vt 0.178357 1.515649
vt 0.628523 1.619479
vt 0.199936 1.474097
vt 0.590417 1.619066
vt 0.184359 1.477660
vt 0.591769 1.619308
vt 0.275166 1.768513
vt 0.270285 1.768680
vt 0.803717 1.630884
vt 0.924900 1.331442
vt 0.262054 1.753967
vt 0.803455 1.616166
vt 0.803326 1.537034
vt 0.262054 1.675594
vt 0.509787 1.027016
vt 0.484690 1.008193
vt 0.485939 1.004556
vt 0.227504 1.393045
vt 0.254973 1.774603
vt 0.457644 1.004398
vt 0.199206 1.393273
vt 0.457616 1.008042
vt 0.333577 1.003704
vt 0.075128 1.394274
vt 0.333549 1.007347
vt 0.305282 1.003545
vt 0.046830 1.394503
vt 0.681815 1.750037
vt 0.306475 1.007196
vt 0.018981 1.374292
vt 0.703027 1.750310
vt 0.277436 1.023893
vt 0.281097 1.025740
vt 0.502036 1.746659
vt 0.502020 1.670883
vt 0.280517 1.100786
vt 0.296258 1.155549
vt 0.501539 1.615982
vt 0.295854 1.207946
vt 0.501528 1.563076
vt 0.509215 1.102068
vt 0.492630 1.156650
vt 0.492225 1.209041
vt 0.509800 1.235501
vt 0.509454 1.280230
vt 0.508863 1.356789
vt 0.502036 1.536124
vt 0.277872 1.234207
vt 0.277527 1.278932
vt 0.502026 1.490964
vt 0.276936 1.355487
vt 0.502009 1.413665
vt 0.511755 1.601707
vt 0.491151 1.209238
vt 0.508383 1.280108
vt 0.511797 1.673708
vt 0.508725 1.235698
vt 0.511807 1.628881
vt 0.507796 1.356143
vt 0.511779 1.750457
vt 0.500158 1.371727
vt 0.499104 1.371088
vt 0.511833 1.765306
vt 0.716466 1.404412
vt 0.476161 1.388021
vt 0.712481 1.427237
vt 0.715059 1.778243
vt 0.476525 1.389125
vt 0.714084 1.779058
vt 0.285066 1.370232
vt 0.308610 1.387954
vt 0.670029 1.982184
vt 0.286087 1.369586
vt 0.500694 1.399508
vt 0.716466 1.617707
vt 0.308830 1.386766
vt 0.712208 1.594782
vt 0.334042 1.384029
vt 0.669893 1.953375
vt 0.333446 1.382944
vt 0.685642 1.569782
vt 0.450116 1.384815
vt 0.713727 1.750855
vt 0.450321 1.383438
vt 0.685946 1.452761
vt 0.715059 1.750534
vt 0.277971 1.354830
vt 0.500934 1.414206
vt 0.731415 1.783649
vt 0.214626 1.112003
vt 0.731056 1.864777
vt 0.214005 1.031896
vt 0.214139 1.031851
vt 0.730886 1.864853
vt 0.731245 1.783580
vt 0.214761 1.112101
vt 0.900471 1.282768
vt 0.932931 1.049011
vt 0.900359 1.245181
vt 0.932924 1.011439
vt 0.900211 1.334046
vt 0.932893 1.099544
vt 0.900387 1.397604
vt 0.932903 1.163052
vt 0.008324 1.374378
vt 0.266780 1.023833
vt 0.222520 1.840231
vt 0.008267 1.371464
vt 0.204462 1.840231
vt 0.795607 1.279596
vt 0.795734 1.357744
vt 0.796291 1.412644
vt 0.796374 1.463905
vt 0.795903 1.490857
vt 0.795978 1.537134
vt 0.796107 1.616267
vt 0.803251 1.490757
vt 0.262054 1.629761
vt 0.796369 1.630985
vt 0.930877 1.337538
vt 0.751428 1.754757
vt 0.127277 1.917580
vt 0.751515 1.403318
vt 0.100768 1.922819
vt 0.529129 1.377325
vt 0.723635 1.403316
vt 0.751461 1.543544
vt 0.751514 1.570717
vt 0.751505 1.621962
vt 0.751442 1.676634
vt 0.751469 1.497282
vt 0.751484 1.418175
vt 0.923550 1.099136
vt 0.098103 1.402713
vt 0.923587 1.049866
vt 0.049071 1.416702
vt 0.923579 1.003705
vt 0.502284 1.918929
vt 0.003541 1.416774
vt 0.503031 1.919076
vt 0.924310 1.003545
vt 0.915382 1.920821
vt 0.503031 1.772412
vt 0.502284 1.772559
vt 0.003541 1.563144
vt 0.914654 1.920662
vt 0.987633 1.216301
vt 0.057934 1.115884
vt 0.225173 1.566393
vt 0.987633 1.062038
vt 0.212010 1.114640
vt 0.188558 1.570898
vt 0.988031 1.062401
vt 0.211644 1.114376
vt 0.188940 1.571118
vt 0.988031 1.215937
vt 0.058294 1.115613
vt 0.225560 1.566162
vt 0.532753 1.375558
vt 0.713803 1.403316
vt 0.555836 1.392889
vt 0.986649 1.734567
vt 0.709834 1.426405
vt 0.533841 1.375175
vt 0.510171 1.765322
vt 0.714852 1.404403
vt 0.525274 1.360211
vt 0.510084 1.750457
vt 0.525274 1.284443
vt 0.510200 1.673708
vt 0.058436 1.033502
vt 0.210223 1.032277
vt 0.210834 1.111092
vt 0.059047 1.112317
vt 0.057851 1.031712
vt 0.978751 1.064227
vt 0.210783 1.030478
vt 0.978751 1.217344
vt 0.212297 1.032024
vt 0.212913 1.111485
vt 0.214751 1.029205
vt 0.214439 1.028428
vt 0.214444 1.028425
vt 0.215832 1.029286
vt 0.490034 1.797339
vt 0.215829 1.029291
vt 0.282124 1.026118
vt 0.500961 1.746154
vt 0.500255 1.764961
vt 0.728972 1.014645
vt 0.306801 1.008088
vt 0.511767 1.548350
vt 0.491559 1.156377
vt 0.543054 1.213899
vt 0.510158 1.601707
vt 0.510170 1.548350
vt 0.510210 1.628880
vt 0.525274 1.240178
vt 0.511833 1.493678
vt 0.508144 1.101795
vt 0.510236 1.493677
vt 0.511744 1.418601
vt 0.508717 1.027402
vt 0.500951 1.490984
vt 0.500961 1.535826
vt 0.278901 1.234382
vt 0.297290 1.155260
vt 0.500465 1.616152
vt 0.500945 1.671052
vt 0.281549 1.100497
vt 0.296882 1.208121
vt 0.500453 1.562777
vt 0.685304 1.452329
vt 0.711012 1.426962
vt 0.684710 1.570680
vt 0.710457 1.595185
vt 0.702037 1.014654
vt 0.333733 1.008239
vt 0.578368 1.014691
vt 0.457386 1.008931
vt 0.551431 1.014700
vt 0.511561 1.399482
vt 0.484320 1.009082
vt 0.881349 1.984399
vt 0.986544 1.579472
vt 0.683705 1.571276
vt 0.986787 1.698824
vt 0.986544 1.708600
vt 0.684327 1.451927
vt 0.884151 1.516541
vt 0.053462 1.116368
vt 0.884124 1.603396
vt 0.887130 1.596937
vt 0.884124 1.603396
vt 0.884124 1.603396
vt 0.052798 1.030607
vt 0.049071 1.563244
vt 0.914726 1.874485
vt 0.098103 1.577263
vt 0.914401 1.825016
vt 0.053873 1.030503
vt 0.054174 1.029721
vt 0.979462 1.579448
vt 0.054169 1.029719
vt 0.052795 1.030602
vt 0.054169 1.029719
vt 0.054169 1.029719
vt 0.059338 1.027834
vt 0.209235 1.026624
vt 0.214439 1.028428
vt 0.214439 1.028428
vt 0.979462 1.739907
vt 0.490269 1.884222
vt 0.216493 1.115052
vt 0.490033 1.797334
vt 0.490033 1.797334
vt 0.493002 1.803771
vt 0.215416 1.115066
vt 0.188940 1.569070
vt 0.213500 1.113518
vt 0.215117 1.115907
vt 0.738497 1.787039
vt 0.054538 1.116364
vt 0.225560 1.568206
vt 0.056424 1.114785
vt 0.054852 1.117201
vt 0.738497 1.947499
vt 0.978737 1.062835
vt 0.056463 1.031881
vt 0.056361 1.033282
vt 0.978737 1.218735
vt 0.212174 1.030625
vt 0.212811 1.112924
vt 0.188820 1.569001
vt 0.213616 1.113601
vt 0.211423 1.113085
vt 0.058491 1.114319
vt 0.057100 1.114181
vt 0.056976 1.112743
vt 0.225438 1.568279
vt 0.056310 1.114871
vt 0.878830 1.219451
vt 0.007670 1.294325
vt 0.878829 1.201920
vt 0.266183 1.101229
vt 0.875886 1.219751
vt 0.004737 1.295553
vt 0.204418 1.917215
vt 0.875885 1.202220
vt 0.263250 1.100004
vt 0.222477 1.917215
vt 0.004075 1.367386
vt 0.204343 1.844475
vt 0.003541 1.298470
vt 0.204381 1.914293
vt 0.007482 1.295578
vt 0.008060 1.370214
vt 0.008917 1.296018
vt 0.977716 1.418927
vt 0.009488 1.369751
vt 0.977716 1.493600
vt 0.181476 1.573034
vt 0.005316 1.370283
vt 0.204377 1.841507
vt 0.262054 1.097080
vt 0.222440 1.914293
vt 0.262588 1.027935
vt 0.222402 1.844475
vt 0.263829 1.025025
vt 0.222436 1.841507
vt 0.012955 1.296505
vt 0.884931 1.951087
vt 0.008927 1.296537
vt 0.980934 1.418927
vt 0.012945 1.295986
vt 0.881715 1.951086
vt 0.013516 1.369718
vt 0.181476 1.569001
vt 0.881715 1.876388
vt 0.009498 1.370270
vt 0.980934 1.493600
vt 0.178357 1.573035
vt 0.013526 1.370238
vt 0.178357 1.569002
vt 0.884931 1.876390
vt 0.100491 1.944698
vt 0.868712 1.644133
vt 0.104533 1.929909
vt 0.868964 1.638184
vt 0.900211 1.211507
vt 0.118723 1.933791
vt 0.900211 1.225208
vt 0.115259 1.948737
vt 0.849855 1.609366
vt 0.119209 1.934285
vt 0.849848 1.623726
vt 0.119209 1.982257
vt 0.849886 1.582994
vt 0.642950 1.956643
vt 0.104318 1.979791
vt 0.868170 1.668824
vt 0.630161 1.952648
vt 0.862676 1.644094
vt 0.233271 1.796656
vt 0.862929 1.638145
vt 0.238428 1.782220
vt 0.906248 1.211512
vt 0.862135 1.668786
vt 0.234409 1.831939
vt 0.867963 1.678285
vt 0.863762 1.681156
vt 0.861864 1.681144
vt 0.234979 1.849599
vt 0.884120 1.678389
vt 0.879918 1.681260
vt 0.971407 1.397816
vt 0.872038 1.681209
vt 0.954835 1.666946
vt 0.884209 1.674301
vt 0.630337 1.969666
vt 0.867835 1.684152
vt 0.954734 1.671095
vt 0.866737 1.734212
vt 0.954562 1.742666
vt 0.860702 1.734173
vt 0.237425 1.925376
vt 0.894051 1.677662
vt 0.425560 1.909711
vt 0.630444 1.980109
vt 0.893970 1.681350
vt 0.425540 1.914985
vt 0.888194 1.681313
vt 0.884059 1.684269
vt 0.971274 1.393555
vt 0.425540 1.978051
vt 0.894013 1.725608
vt 0.971407 1.334742
vt 0.884099 1.725544
vt 0.843812 1.623726
vt 0.252728 1.787706
vt 0.843818 1.609366
vt 0.247687 1.801813
vt 0.843849 1.582994
vt 0.249069 1.835537
vt 0.849897 1.573032
vt 0.843865 1.569795
vt 0.249760 1.852416
vt 0.845763 1.569795
vt 0.866051 1.577256
vt 0.642950 1.973605
vt 0.866056 1.573032
vt 0.854040 1.569795
vt 0.872075 1.694029
vt 0.969509 1.670275
vt 0.861921 1.569795
vt 0.879956 1.694079
vt 0.986082 1.394503
vt 0.875970 1.573735
vt 0.440185 1.913292
vt 0.642950 1.984014
vt 0.870198 1.569795
vt 0.875975 1.569795
vt 0.440210 1.918334
vt 0.866132 1.566462
vt 0.985949 1.390243
vt 0.867126 1.520331
vt 0.986082 1.331429
vt 0.884137 1.738363
vt 0.877041 1.520331
vt 0.440210 1.981401
vt 0.894051 1.738427
vt 0.849905 1.566471
vt 0.969445 1.674432
vt 0.843931 1.513157
vt 0.860794 1.745113
vt 0.252728 1.924844
vt 0.849968 1.513157
vt 0.866830 1.745152
vt 0.969873 1.742666
vt 0.973258 1.288896
vt 0.939595 1.929528
vt 0.973296 1.287117
vt 0.942878 1.927790
vt 0.981198 1.287069
vt 0.935315 1.180481
vt 0.981160 1.288847
vt 0.932033 1.182219
vt 0.981245 1.285962
vt 0.938873 1.179417
vt 0.973343 1.286010
vt 0.946436 1.926726
vt 0.981299 1.285568
vt 0.857231 1.245966
vt 0.942570 1.179068
vt 0.973397 1.285617
vt 0.857231 1.238054
vt 0.950133 1.926377
vt 0.973229 1.291277
vt 0.936715 1.931874
vt 0.981131 1.291228
vt 0.929153 1.184565
vt 0.973212 1.294169
vt 0.934348 1.934737
vt 0.981113 1.294120
vt 0.926785 1.187427
vt 0.962465 1.647072
vt 0.949979 1.964290
vt 0.962465 1.650717
vt 0.946285 1.963910
vt 0.954562 1.650715
vt 0.938722 1.216601
vt 0.954562 1.647071
vt 0.942416 1.216980
vt 0.954564 1.654146
vt 0.935173 1.215507
vt 0.962466 1.654148
vt 0.942735 1.962817
vt 0.954566 1.657232
vt 0.931905 1.213742
vt 0.962469 1.657233
vt 0.939467 1.961052
vt 0.954570 1.659853
vt 0.981299 1.318049
vt 0.929044 1.211373
vt 0.962472 1.659854
vt 0.973397 1.318098
vt 0.936606 1.958682
vt 0.962465 1.643354
vt 0.953676 1.963941
vt 0.954562 1.643353
vt 0.946114 1.216631
vt 0.962467 1.639706
vt 0.957234 1.962876
vt 0.954564 1.639704
vt 0.949672 1.215567
vt 0.962470 1.636266
vt 0.960516 1.961138
vt 0.954567 1.636265
vt 0.952954 1.213829
vt 0.962472 1.633898
vt 0.962718 1.959345
vt 0.954570 1.633897
vt 0.955156 1.212036
vt 0.857647 1.238047
vt 0.953827 1.926756
vt 0.857647 1.245959
vt 0.946265 1.179447
vt 0.858775 1.245953
vt 0.949814 1.180540
vt 0.858775 1.238041
vt 0.957376 1.927850
vt 0.860572 1.245947
vt 0.953082 1.182306
vt 0.860572 1.238034
vt 0.960644 1.929615
vt 0.862309 1.245943
vt 0.955156 1.184023
vt 0.862309 1.238031
vt 0.962718 1.931332
vt 0.973343 1.315242
vt 0.934262 1.955800
vt 0.981245 1.315193
vt 0.926700 1.208491
vt 0.981198 1.311928
vt 0.924962 1.205206
vt 0.973296 1.311977
vt 0.932525 1.952515
vt 0.981160 1.308379
vt 0.923899 1.201646
vt 0.973258 1.308428
vt 0.931461 1.948955
vt 0.981131 1.304682
vt 0.923550 1.197946
vt 0.973229 1.304731
vt 0.931112 1.945255
vt 0.981113 1.300979
vt 0.923929 1.194249
vt 0.973212 1.301028
vt 0.931491 1.941559
vt 0.981107 1.297413
vt 0.925021 1.190698
vt 0.973206 1.297462
vt 0.932584 1.938007
vt 0.252281 1.787175
vt 0.906248 1.225212
vt 0.789449 1.242697
vt 0.789449 1.233194
vt 0.823715 1.233204
vt 0.823715 1.242707
vt 0.190707 1.840231
vt 0.786435 1.230315
vt 0.826344 1.230327
vt 0.150276 1.840231
vt 0.143614 1.812397
vt 0.826344 1.245590
vt 0.143614 1.827661
vt 0.902320 1.689161
vt 0.786435 1.245578
vt 0.942737 1.689161
vt 0.197262 1.897736
vt 0.770647 1.229226
vt 0.143614 1.897736
vt 0.200966 1.811193
vt 0.823603 1.229243
vt 0.149782 1.891235
vt 0.193152 1.811187
vt 0.191101 1.891235
vt 0.777779 1.229216
vt 0.149103 1.843075
vt 0.146685 1.811205
vt 0.191832 1.843075
vt 0.784837 1.229127
vt 0.200966 1.709331
vt 0.931112 1.752245
vt 0.823603 1.127381
vt 0.223352 1.709323
vt 0.810804 1.382148
vt 0.954209 1.752243
vt 0.223352 1.811185
vt 0.810804 1.483998
vt 0.200966 1.828842
vt 0.223352 1.828834
vt 0.810804 1.501645
vt 0.193152 1.828836
vt 0.818565 1.246878
vt 0.901833 1.638106
vt 0.201250 1.833141
vt 0.839549 1.170740
vt 0.193884 1.833135
vt 0.817224 1.251181
vt 0.833426 1.176556
vt 0.222350 1.833133
vt 0.812240 1.505959
vt 0.861320 1.170737
vt 0.146685 1.828854
vt 0.901133 1.686285
vt 0.822024 1.382051
vt 0.962148 1.762461
vt 0.854931 1.382121
vt 0.962148 1.795715
vt 0.854931 1.483971
vt 0.822024 1.483900
vt 0.822024 1.501548
vt 0.854931 1.501618
vt 0.863936 1.484112
vt 0.766926 1.229269
vt 0.863936 1.501759
vt 0.861976 1.223026
vt 0.766926 1.246918
vt 0.862321 1.506066
vt 0.861320 1.221348
vt 0.853833 1.505933
vt 0.868803 1.211714
vt 0.822816 1.505867
vt 0.868803 1.180369
vt 0.863936 1.382262
vt 0.766926 1.127408
vt 0.954209 1.805936
vt 0.778780 1.251169
vt 0.833426 1.215535
vt 0.777779 1.246865
vt 0.943138 1.638106
vt 0.772058 1.251179
vt 0.839549 1.221350
vt 0.838880 1.223028
vt 0.770647 1.246876
vt 0.784837 1.246776
vt 0.943848 1.686285
vt 0.931112 1.805938
vt 0.770647 1.127365
vt 0.222570 1.972781
vt 0.912284 1.225217
vt 0.208384 1.976673
vt 0.856893 1.638106
vt 0.912284 1.211516
vt 0.204343 1.961885
vt 0.856641 1.644055
vt 0.219107 1.957834
vt 0.837782 1.609366
vt 0.223056 1.972286
vt 0.837776 1.623726
vt 0.223056 1.924305
vt 0.837813 1.582994
vt 0.662811 1.979988
vt 0.208169 1.926783
vt 0.856099 1.668747
vt 0.650032 1.984013
vt 0.855892 1.678208
vt 0.859967 1.681132
vt 0.839825 1.674015
vt 0.650207 1.967015
vt 0.839736 1.678104
vt 0.851691 1.681078
vt 0.907040 1.876388
vt 0.843810 1.681028
vt 0.973077 1.794552
vt 0.855763 1.684074
vt 0.907191 1.880646
vt 0.854666 1.734134
vt 0.907319 1.952235
vt 0.829839 1.677248
vt 0.984491 1.867884
vt 0.650315 1.956584
vt 0.835534 1.680974
vt 0.829758 1.680937
vt 0.984512 1.873160
vt 0.839539 1.683982
vt 0.972993 1.798703
vt 0.973077 1.857476
vt 0.837699 1.725245
vt 0.984512 1.936217
vt 0.827785 1.725181
vt 0.837825 1.573032
vt 0.841967 1.569795
vt 0.821666 1.573032
vt 0.825809 1.569795
vt 0.843848 1.693847
vt 0.987754 1.797870
vt 0.833690 1.569795
vt 0.851728 1.693898
vt 0.892369 1.879717
vt 0.821661 1.577256
vt 0.662811 1.963045
vt 0.811750 1.573735
vt 0.969872 1.871478
vt 0.662811 1.952648
vt 0.811755 1.569795
vt 0.969848 1.876522
vt 0.817531 1.569795
vt 0.821606 1.566462
vt 0.987669 1.802021
vt 0.810804 1.520331
vt 0.969848 1.939579
vt 0.827822 1.738001
vt 0.820719 1.520331
vt 0.987754 1.860794
vt 0.837736 1.738065
vt 0.837833 1.566471
vt 0.892482 1.883984
vt 0.837895 1.513157
vt 0.854759 1.745075
vt 0.892013 1.952235
vt 0.965356 1.288944
vt 0.775406 1.961562
vt 0.965395 1.287166
vt 0.778687 1.963303
vt 0.965442 1.286059
vt 0.782244 1.964369
vt 0.965495 1.285665
vt 0.857231 1.230142
vt 0.785940 1.964721
vt 0.965327 1.291325
vt 0.772527 1.959214
vt 0.970367 1.647074
vt 0.785786 1.926799
vt 0.970368 1.650718
vt 0.782093 1.927176
vt 0.970369 1.654149
vt 0.778545 1.928267
vt 0.970372 1.657234
vt 0.775278 1.930031
vt 0.970375 1.659856
vt 0.965495 1.318146
vt 0.772418 1.932399
vt 0.970368 1.643356
vt 0.789482 1.927150
vt 0.970370 1.639707
vt 0.793039 1.928217
vt 0.970372 1.636268
vt 0.796320 1.929958
vt 0.970375 1.633900
vt 0.798521 1.931753
vt 0.857647 1.230135
vt 0.789633 1.964344
vt 0.858775 1.230128
vt 0.793181 1.963252
vt 0.860572 1.230122
vt 0.796448 1.961489
vt 0.862309 1.230118
vt 0.798521 1.959772
vt 0.965442 1.315291
vt 0.770074 1.935280
vt 0.965395 1.312026
vt 0.768338 1.938565
vt 0.965356 1.308476
vt 0.767275 1.942125
vt 0.965327 1.304779
vt 0.766926 1.945826
vt 0.965310 1.301076
vt 0.767305 1.949523
vt 0.965304 1.297510
vt 0.768397 1.953077
vt 0.965310 1.294218
vt 0.770160 1.956349
vt 0.789449 1.011821
vt 0.823715 1.011832
vt 0.823715 1.021335
vt 0.789449 1.021325
vt 0.093240 1.858633
vt 0.786435 1.024206
vt 0.826344 1.024218
vt 0.052823 1.858633
vt 0.143614 1.606288
vt 0.826344 1.008955
vt 0.143614 1.591025
vt 0.313192 1.896867
vt 0.786435 1.008943
vt 0.353623 1.896867
vt 0.099803 1.801074
vt 0.770647 1.025503
vt 0.093641 1.807578
vt 0.777779 1.025493
vt 0.052336 1.807578
vt 0.193152 1.607463
vt 0.046173 1.801074
vt 0.200966 1.607470
vt 0.823603 1.025520
vt 0.051636 1.855757
vt 0.146685 1.607482
vt 0.094351 1.855757
vt 0.784837 1.025404
vt 0.223352 1.607462
vt 0.810804 1.280298
vt 0.200966 1.589821
vt 0.223352 1.589812
vt 0.810804 1.262651
vt 0.193152 1.589814
vt 0.818565 1.007857
vt 0.312698 1.947871
vt 0.201250 1.585517
vt 0.009661 1.958647
vt 0.193884 1.585511
vt 0.817224 1.003557
vt 0.003541 1.952826
vt 0.222350 1.585509
vt 0.812240 1.258363
vt 0.031423 1.958659
vt 0.146685 1.589833
vt 0.312019 1.899711
vt 0.822024 1.280201
vt 0.854931 1.280271
vt 0.822024 1.262553
vt 0.854931 1.262624
vt 0.863936 1.280412
vt 0.766926 1.025546
vt 0.863936 1.262765
vt 0.032189 1.906409
vt 0.766926 1.007897
vt 0.862321 1.258471
vt 0.031423 1.908032
vt 0.853833 1.258337
vt 0.038903 1.917672
vt 0.822816 1.258271
vt 0.038903 1.949027
vt 0.777779 1.007844
vt 0.354017 1.947871
vt 0.778780 1.003545
vt 0.003541 1.913834
vt 0.772057 1.003555
vt 0.009661 1.908020
vt 0.009102 1.906397
vt 0.770647 1.007854
vt 0.784837 1.007755
vt 0.354748 1.899711
s 1
usemtl Door_panel_body_default.bmp
f 1/1/1 2/3/1 3/5/1
f 3/5/1 4/6/1 1/1/1
f 3/5/1 5/9/1 4/6/1
f 3/5/1 6/11/1 5/9/1
f 3/5/1 2/3/1 7/13/1
f 2/3/1 8/14/1 7/13/1
f 9/16/1 7/13/1 8/14/1
f 8/14/1 10/19/1 9/16/1
f 9/16/1 11/21/1 7/13/1
f 11/21/1 12/23/1 7/13/1
f 13/25/2 14/27/2 15/30/2
f 15/30/2 16/36/2 13/25/2
f 15/30/2 17/37/2 16/36/2
f 15/30/2 18/39/2 17/37/2
f 19/41/3 20/43/3 21/45/3
f 22/49/3 19/41/3 21/45/3
f 19/41/3 23/50/3 20/43/3
f 23/50/3 24/52/3 20/43/3
f 22/49/3 21/45/3 25/54/3
f 26/57/3 22/49/3 25/54/3
f 27/58/3 26/57/3 25/54/3
f 25/54/3 28/60/3 27/58/3
f 28/60/3 29/63/3 27/58/3
f 29/63/3 30/65/3 27/58/3
f 31/66/3 30/65/3 29/63/3
f 32/67/3 31/66/3 29/63/3
f 33/69/3 24/52/3 23/50/3
f 23/50/3 34/70/3 33/69/3
f 34/70/3 35/72/3 33/69/3
f 35/72/3 36/75/3 33/69/3
f 33/69/3 36/75/3 37/77/3
f 33/69/3 37/77/3 38/78/3
f 39/79/3 33/69/3 38/78/3
f 36/75/3 40/81/3 37/77/3
f 37/77/3 40/81/3 41/83/3
f 40/81/3 42/85/3 41/83/3
f 40/81/3 43/87/3 42/85/3
f 43/87/3 44/89/3 42/85/3
f 45/91/3 38/78/3 37/77/3
f 37/77/3 46/93/3 45/91/3
f 37/77/3 47/95/3 46/93/3
f 37/77/3 41/83/3 47/95/3
f 46/93/3 47/95/3 48/97/3
f 49/99/3 46/93/3 48/97/3
f 49/99/3 48/97/3 50/101/3
f 51/103/3 49/99/3 50/101/3
f 51/103/3 50/101/3 52/105/3
f 53/107/3 51/103/3 52/105/3
f 44/89/3 43/87/3 54/109/3
f 55/110/3 44/89/3 54/109/3
f 56/113/3 53/107/3 52/105/3
f 56/113/3 52/105/3 57/116/3
f 32/67/3 56/113/3 57/116/3
f 57/116/3 31/66/3 32/67/3
f 58/118/3 59/120/3 60/122/3
f 61/123/4 60/122/3 59/120/3
f 59/120/3 62/124/5 61/123/4
f 63/125/3 58/118/3 60/122/3
f 63/125/3 60/122/3 64/128/3
f 65/130/3 63/125/3 64/128/3
f 65/130/3 64/128/3 36/75/3
f 35/72/3 65/130/3 36/75/3
f 66/132/3 67/134/3 55/110/3
f 54/109/3 66/132/3 55/110/3
f 66/132/3 54/109/3 62/124/5
f 59/120/3 66/132/3 62/124/5
f 68/136/6 69/139/7 70/142/6
f 70/142/6 71/143/6 68/136/6
f 70/142/6 72/148/6 71/143/6
f 72/148/6 73/149/6 71/143/6
f 33/69/3 74/153/3 24/52/3
f 33/69/3 39/79/3 74/153/3
f 75/154/8 76/156/8 77/159/8
f 77/159/8 78/161/8 75/154/8
f 78/161/8 79/163/8 75/154/8
f 79/163/8 80/165/8 75/154/8
f 79/163/8 81/167/8 80/165/8
f 79/163/8 82/169/8 81/167/8
f 79/163/8 83/171/8 82/169/8
f 79/163/8 84/174/8 83/171/8
f 85/176/9 86/178/9 87/181/9
f 87/181/9 88/183/9 85/176/9
f 87/181/9 89/185/9 88/183/9
f 87/181/9 90/187/9 89/185/9
f 90/187/9 91/189/9 89/185/9
f 91/189/9 92/191/9 89/185/9
f 92/191/9 93/193/9 89/185/9
f 93/193/9 94/196/9 89/185/9
f 95/198/9 96/200/9 97/203/9
f 97/203/9 98/205/9 95/198/9
f 97/203/9 99/207/9 98/205/9
f 97/203/9 100/209/9 99/207/9
f 100/209/9 101/211/9 99/207/9
f 101/211/9 102/213/9 99/207/9
f 102/213/9 103/215/9 99/207/9
f 103/215/9 104/218/9 99/207/9
f 105/220/8 106/222/8 107/225/8
f 107/225/8 108/227/8 105/220/8
f 108/227/8 109/229/8 105/220/8
f 109/229/8 110/231/8 105/220/8
f 109/229/8 111/233/8 110/231/8
f 109/229/8 112/235/8 111/233/8
f 109/229/8 113/237/8 112/235/8
f 109/229/8 114/240/8 113/237/8
f 115/242/10 116/244/11 117/247/12
f 118/250/13 115/242/10 117/247/12
f 119/252/14 120/254/15 121/256/16
f 122/259/17 119/252/14 121/256/16
f 120/254/15 123/260/18 121/256/16
f 123/260/18 124/262/19 121/256/16
f 123/260/18 125/264/20 124/262/19
f 125/264/20 126/267/21 124/262/19
f 127/270/22 128/272/23 129/274/24
f 130/276/25 127/270/22 129/274/24
f 131/278/26 130/276/25 129/274/24
f 132/280/27 130/276/25 131/278/26
f 133/282/28 132/280/27 131/278/26
f 134/285/29 129/274/24 128/272/23
f 135/287/30 134/285/29 128/272/23
f 136/288/31 137/290/32 138/292/33
f 138/292/33 139/294/34 136/288/31
f 138/292/33 140/296/35 139/294/34
f 139/294/34 140/296/35 141/298/36
f 140/296/35 142/300/37 141/298/36
f 137/290/32 136/288/31 143/302/38
f 144/304/39 137/290/32 143/302/38
f 145/306/40 144/304/39 143/302/38
f 145/306/40 143/302/38 146/308/40
f 147/312/41 145/306/40 146/308/40
f 146/308/40 148/313/42 147/312/41
f 149/317/43 147/312/41 148/313/42
f 148/313/42 150/318/44 149/317/43
f 151/320/45 141/298/36 142/300/37
f 142/300/37 152/322/46 151/320/45
f 152/322/46 126/268/47 151/320/45
f 152/322/46 153/325/48 126/268/47
f 153/325/48 124/263/49 126/268/47
f 153/325/48 154/327/50 124/263/49
f 154/327/50 121/257/51 124/263/49
f 122/258/52 121/257/51 154/327/50
f 122/258/52 154/327/50 155/329/53
f 155/329/53 156/331/54 122/258/52
f 122/258/52 156/331/54 157/333/55
f 156/331/54 158/335/56 157/333/55
f 157/333/55 158/335/56 159/338/57
f 158/335/56 160/341/58 159/338/57
f 159/338/57 160/341/58 161/343/59
f 160/341/58 162/345/60 161/343/59
f 161/343/59 162/345/60 163/347/61
f 162/345/60 164/349/62 163/347/61
f 163/347/61 164/349/62 165/351/63
f 164/349/62 166/354/64 165/351/63
f 165/351/63 166/354/64 149/317/43
f 167/355/65 168/357/66 163/348/67
f 165/352/68 167/355/65 163/348/67
f 165/352/68 169/359/69 167/355/65
f 169/359/69 165/352/68 149/316/70
f 170/361/71 169/359/69 149/316/70
f 170/361/71 149/316/70 150/319/72
f 171/363/73 170/361/71 150/319/72
f 172/365/74 171/363/73 150/319/72
f 148/314/75 172/365/74 150/319/72
f 173/368/76 132/280/27 133/282/28
f 174/371/77 173/368/76 133/282/28
f 175/374/78 176/376/79 159/339/80
f 161/344/81 175/374/78 159/339/80
f 168/357/66 175/374/78 161/344/81
f 163/348/67 168/357/66 161/344/81
f 176/377/79 177/379/82 157/334/83
f 159/340/80 176/377/79 157/334/83
f 177/379/82 119/252/14 157/334/83
f 119/252/14 122/259/17 157/334/83
f 178/381/84 179/384/85 180/385/86
f 180/385/86 181/387/87 178/381/84
f 181/387/87 182/389/88 178/381/84
f 181/387/87 183/391/87 182/389/88
f 183/391/87 184/393/84 182/389/88
f 183/391/87 185/395/89 184/393/84
f 185/395/89 186/397/90 184/393/84
f 187/401/91 180/385/86 179/384/85
f 186/397/90 185/395/89 188/402/92
f 188/402/92 189/405/93 186/397/90
f 188/402/92 190/408/94 189/405/93
f 190/408/94 191/410/95 189/405/93
f 191/410/95 190/408/94 192/412/96
f 192/412/96 193/414/96 191/410/95
f 192/412/96 194/416/96 193/414/96
f 195/418/96 194/416/96 192/412/96
f 195/418/96 192/412/96 196/420/96
f 195/418/96 196/420/96 197/422/96
f 198/425/96 195/418/96 197/422/96
f 198/425/96 197/422/96 199/428/97
f 199/428/97 200/430/98 198/425/96
f 200/430/98 199/428/97 201/432/99
f 202/434/100 200/430/98 201/432/99
f 202/434/100 201/432/99 203/436/100
f 204/438/100 202/434/100 203/436/100
f 204/438/100 203/436/100 205/440/100
f 206/442/100 204/438/100 205/440/100
f 206/442/100 205/440/100 207/444/101
f 207/444/101 208/446/102 206/442/100
f 208/446/102 207/444/101 209/448/91
f 209/448/91 210/451/91 208/446/102
f 210/451/91 209/448/91 187/401/91
f 211/452/103 212/454/104 213/456/105
f 214/458/106 211/452/103 213/456/105
f 215/460/107 213/456/105 212/454/104
f 216/462/108 215/460/107 212/454/104
f 215/460/107 216/462/108 217/465/109
f 216/462/108 218/466/110 217/465/109
f 219/468/111 211/452/103 214/458/106
f 211/452/103 219/468/111 220/470/112
f 219/468/111 221/473/113 220/470/112
f 222/474/114 223/476/115 141/299/116
f 151/321/117 222/474/114 141/299/116
f 139/295/118 141/299/116 223/476/115
f 223/476/115 224/478/119 139/295/118
f 224/478/119 136/289/120 139/295/118
f 136/289/120 224/478/119 225/480/121
f 136/289/120 225/480/121 143/303/122
f 225/480/121 226/482/123 143/303/122
f 226/482/123 227/484/124 143/303/122
f 227/484/124 146/309/125 143/303/122
f 228/487/126 229/488/127 230/490/128
f 231/493/129 228/487/126 230/490/128
f 232/494/130 230/490/128 229/488/127
f 233/496/131 232/494/130 229/488/127
f 234/498/132 233/496/131 229/488/127
f 233/496/131 234/498/132 118/250/13
f 234/498/132 115/242/10 118/250/13
f 235/500/133 173/369/76 174/372/77
f 236/502/134 235/500/133 174/372/77
f 235/500/133 236/502/134 237/504/135
f 236/502/134 238/506/136 237/504/135
f 239/508/137 237/504/135 238/506/136
f 240/510/138 239/508/137 238/506/136
f 239/508/137 240/510/138 241/513/139
f 240/510/138 242/515/140 241/513/139
f 243/516/141 244/519/142 245/521/143
f 246/522/144 243/516/141 245/521/143
f 243/516/141 246/522/144 247/524/145
f 248/526/108 243/516/141 247/524/145
f 249/528/146 248/526/108 247/524/145
f 250/530/147 249/528/146 247/524/145
f 249/528/146 250/530/147 251/532/148
f 252/535/149 249/528/146 251/532/148
f 253/539/150 254/540/151 255/542/152
f 256/545/153 253/539/150 255/542/152
f 254/540/151 257/546/154 255/542/152
f 257/546/154 258/548/155 255/542/152
f 257/546/154 259/550/156 258/548/155
f 259/550/156 260/552/157 258/548/155
f 259/550/156 252/536/149 260/552/157
f 252/536/149 251/533/148 260/552/157
f 261/554/158 262/556/159 263/559/160
f 264/562/161 261/554/158 263/559/160
f 265/564/162 261/554/158 264/562/161
f 266/566/163 265/564/162 264/562/161
f 267/568/164 265/564/162 266/566/163
f 268/570/165 267/568/164 266/566/163
f 269/572/166 267/568/164 268/570/165
f 270/574/167 269/572/166 268/570/165
f 269/572/166 270/574/167 271/577/168
f 272/579/169 269/572/166 271/577/168
f 273/580/170 274/582/171 275/584/172
f 275/584/172 276/586/172 273/580/170
f 275/584/172 277/588/172 276/586/172
f 277/588/172 278/590/172 276/586/172
f 277/588/172 279/592/172 278/590/172
f 279/592/172 280/594/172 278/590/172
f 279/592/172 281/596/173 280/594/172
f 281/596/173 282/599/174 280/594/172
f 283/602/175 282/599/174 281/596/173
f 281/596/173 284/604/175 283/602/175
f 284/604/175 285/606/175 283/602/175
f 285/606/175 286/608/175 283/602/175
f 285/606/175 287/610/176 286/608/175
f 285/606/175 288/612/177 287/610/176
f 274/582/171 273/580/170 289/614/178
f 290/616/179 274/582/171 289/614/178
f 291/618/180 290/616/179 289/614/178
f 291/618/180 289/614/178 292/620/179
f 292/620/179 293/622/181 291/618/180
f 294/624/182 287/610/176 288/612/177
f 295/626/183 294/624/182 288/612/177
f 295/626/183 288/612/177 296/629/182
f 295/626/183 296/629/182 297/632/184
f 297/632/184 298/634/185 295/626/183
f 298/634/185 297/632/184 299/636/186
f 300/638/186 298/634/185 299/636/186
f 300/638/186 299/636/186 301/640/187
f 301/640/187 302/642/188 300/638/186
f 303/644/189 291/618/180 293/622/181
f 293/622/181 304/647/189 303/644/189
f 304/647/189 293/622/181 305/649/190
f 305/649/190 306/652/191 304/647/189
f 306/652/191 307/654/192 304/647/189
f 307/654/192 306/652/191 308/656/193
f 308/656/193 309/658/194 307/654/192
f 308/656/193 302/642/188 309/658/194
f 302/642/188 301/640/187 309/658/194
f 310/660/195 311/662/196 178/382/197
f 182/390/198 310/660/195 178/382/197
f 178/382/197 311/662/196 179/383/199
f 311/662/196 312/664/200 179/383/199
f 179/383/199 312/664/200 313/666/201
f 312/664/200 314/669/202 313/666/201
f 142/301/203 140/297/204 315/672/205
f 316/674/206 142/301/203 315/672/205
f 315/672/205 140/297/204 317/676/207
f 140/297/204 138/293/208 317/676/207
f 142/301/203 316/674/206 318/678/209
f 152/323/210 142/301/203 318/678/209
f 138/293/208 137/291/211 317/676/207
f 137/291/211 319/681/212 317/676/207
f 319/681/212 137/291/211 320/683/213
f 137/291/211 144/305/214 320/683/213
f 321/685/215 322/687/216 323/689/217
f 324/691/218 321/685/215 323/689/217
f 323/689/217 322/687/216 325/693/219
f 322/687/216 326/695/220 325/693/219
f 327/697/221 321/685/215 324/691/218
f 328/700/222 327/697/221 324/691/218
f 326/695/220 329/704/223 325/693/219
f 329/704/223 330/706/224 325/693/219
f 331/707/225 332/709/226 333/711/227
f 332/709/226 334/713/228 333/711/227
f 334/713/228 335/715/229 333/711/227
f 334/713/228 336/717/230 335/715/229
f 336/717/230 337/719/231 335/715/229
f 336/717/230 338/721/232 337/719/231
f 338/721/232 339/724/233 337/719/231
f 340/727/234 331/707/225 333/711/227
f 340/727/234 341/729/235 331/707/225
f 341/729/235 340/727/234 342/731/236
f 343/733/237 341/729/235 342/731/236
f 343/733/237 342/731/236 344/735/202
f 345/738/201 343/733/237 344/735/202
f 206/443/238 208/447/239 346/741/240
f 204/439/241 206/443/238 346/741/240
f 347/743/242 204/439/241 346/741/240
f 204/439/241 347/743/242 202/435/243
f 347/743/242 348/745/244 202/435/243
f 202/435/243 348/745/244 200/431/230
f 348/745/244 349/747/231 200/431/230
f 350/749/245 346/741/240 208/447/239
f 210/450/246 350/749/245 208/447/239
f 351/751/247 352/753/248 353/755/249
f 353/755/249 354/757/250 351/751/247
f 353/755/249 355/759/251 354/757/250
f 352/753/248 351/751/247 356/761/252
f 357/764/252 352/753/248 356/761/252
f 358/767/252 357/764/252 356/761/252
f 358/767/252 356/761/252 359/769/253
f 359/769/253 360/771/254 358/767/252
f 355/759/251 353/755/249 361/773/255
f 362/775/256 355/759/251 361/773/255
f 361/773/255 363/777/257 362/775/256
f 364/779/258 362/775/256 363/777/257
f 364/779/258 363/777/257 365/782/258
f 217/464/259 364/779/258 365/782/258
f 365/782/258 366/785/260 217/464/259
f 215/461/261 217/464/259 366/785/260
f 215/461/261 366/785/260 367/787/262
f 367/787/262 213/457/263 215/461/261
f 359/769/253 368/789/264 360/771/254
f 368/789/264 369/791/265 360/771/254
f 369/791/265 368/789/264 370/793/266
f 371/795/267 369/791/265 370/793/266
f 370/793/266 372/797/268 371/795/267
f 367/787/262 373/799/269 213/457/263
f 373/799/269 214/459/270 213/457/263
f 214/459/270 373/799/269 374/801/271
f 219/469/271 214/459/270 374/801/271
f 219/469/271 374/801/271 375/803/271
f 221/472/271 219/469/271 375/803/271
f 221/472/271 375/803/271 376/805/272
f 376/805/272 377/808/273 221/472/271
f 378/810/274 377/808/273 376/805/272
f 379/813/275 378/810/274 376/805/272
f 380/815/276 378/810/274 379/813/275
f 379/813/275 381/817/276 380/815/276
f 381/817/276 372/797/268 380/815/276
f 381/817/276 371/795/267 372/797/268
f 382/819/277 383/821/278 384/823/279
f 134/284/280 382/819/277 384/823/279
f 383/821/278 382/819/277 385/825/281
f 382/819/277 116/245/282 385/825/281
f 385/825/281 116/245/282 115/243/283
f 115/243/283 386/828/283 385/825/281
f 115/243/283 234/499/284 386/828/283
f 234/499/284 387/830/285 386/828/283
f 387/830/285 234/499/284 388/832/286
f 234/499/284 229/489/287 388/832/286
f 389/834/288 388/832/286 229/489/287
f 229/489/287 228/486/289 389/834/288
f 228/486/289 390/836/290 389/834/288
f 134/284/280 384/823/279 391/838/291
f 129/275/292 134/284/280 391/838/291
f 131/279/293 129/275/292 391/838/291
f 392/840/294 131/279/293 391/838/291
f 133/283/295 131/279/293 392/840/294
f 392/840/294 393/842/296 133/283/295
f 393/842/296 174/373/297 133/283/295
f 228/486/289 394/844/298 390/836/290
f 394/844/298 395/846/299 390/836/290
f 395/846/299 394/844/298 396/848/300
f 396/848/300 397/850/301 395/846/299
f 396/848/300 398/853/302 397/850/301
f 397/850/301 398/853/302 399/856/303
f 398/853/302 242/514/304 399/856/303
f 399/856/303 242/514/304 400/858/305
f 242/514/304 240/511/306 400/858/305
f 400/858/305 240/511/306 238/507/307
f 401/860/308 400/858/305 238/507/307
f 238/507/307 402/862/309 401/860/308
f 238/507/307 236/503/310 402/862/309
f 236/503/310 403/864/311 402/862/309
f 174/373/297 393/842/296 403/864/311
f 236/503/310 174/373/297 403/864/311
f 147/310/312 404/867/313 405/869/314
f 406/871/315 147/310/312 405/869/314
f 405/869/314 404/867/313 407/874/316
f 404/867/313 166/353/317 407/874/316
f 407/874/316 166/353/317 408/876/318
f 391/839/319 384/824/320 409/878/321
f 410/880/322 391/839/319 409/878/321
f 409/878/321 384/824/320 411/882/323
f 384/824/320 383/822/324 411/882/323
f 412/884/325 391/839/319 410/880/322
f 391/839/319 412/884/325 392/841/326
f 412/884/325 413/887/327 392/841/326
f 166/353/317 164/350/328 408/876/318
f 414/888/329 408/876/318 164/350/328
f 164/350/328 162/346/330 414/888/329
f 162/346/330 415/891/331 414/888/329
f 400/859/332 401/861/333 416/892/334
f 399/857/335 400/859/332 416/892/334
f 417/894/336 399/857/335 416/892/334
f 418/896/337 416/892/334 401/861/333
f 402/863/338 418/896/337 401/861/333
f 419/898/339 418/896/337 402/863/338
f 403/865/340 419/898/339 402/863/338
f 184/394/341 186/398/342 420/901/343
f 421/903/344 184/394/341 420/901/343
f 182/390/198 184/394/341 421/903/344
f 310/660/195 182/390/198 421/903/344
f 420/901/343 186/398/342 422/905/345
f 186/398/342 189/406/346 422/905/345
f 153/326/347 152/324/210 318/679/209
f 423/908/348 153/326/347 318/679/209
f 154/328/349 153/326/347 423/908/348
f 424/910/350 154/328/349 423/908/348
f 425/912/351 426/914/352 427/916/353
f 428/919/354 425/912/351 427/916/353
f 429/922/355 426/914/352 425/912/351
f 430/924/356 429/922/355 425/912/351
f 431/926/357 429/922/355 430/924/356
f 432/928/358 431/926/357 430/924/356
f 431/926/357 432/928/358 433/930/359
f 434/932/360 431/926/357 433/930/359
f 385/826/361 386/829/362 435/934/363
f 436/937/364 435/934/363 386/829/362
f 387/831/365 436/937/364 386/829/362
f 436/937/364 387/831/365 437/939/366
f 437/939/366 387/831/365 438/941/367
f 387/831/365 388/833/368 438/941/367
f 439/943/369 438/941/367 388/833/368
f 361/774/370 353/756/371 192/413/372
f 196/421/373 192/413/372 353/756/371
f 352/754/374 196/421/373 353/756/371
f 196/421/373 352/754/374 197/423/375
f 352/754/374 357/765/376 197/423/375
f 428/920/354 427/917/353 440/945/377
f 441/947/378 428/920/354 440/945/377
f 440/945/377 442/949/379 441/947/378
f 442/949/379 443/951/380 441/947/378
f 443/951/380 442/949/379 444/953/381
f 444/953/381 445/956/382 443/951/380
f 445/956/382 446/958/383 443/951/380
f 447/959/384 448/961/385 449/963/386
f 450/965/387 447/959/384 449/963/386
f 451/967/388 447/959/384 450/965/387
f 452/970/389 451/967/388 450/965/387
f 448/961/385 434/932/360 449/963/386
f 434/932/360 433/930/359 449/963/386
f 397/851/390 399/857/335 417/894/336
f 453/973/391 397/851/390 417/894/336
f 383/822/324 385/827/361 435/935/363
f 411/882/323 383/822/324 435/935/363
f 374/802/392 373/800/393 181/388/394
f 375/804/395 374/802/392 181/388/394
f 180/386/396 375/804/395 181/388/394
f 183/392/397 181/388/394 373/800/393
f 367/788/398 183/392/397 373/800/393
f 375/804/395 180/386/396 376/806/399
f 180/386/396 187/399/400 376/806/399
f 454/976/401 455/979/402 456/981/403
f 457/983/404 454/976/401 456/981/403
f 455/979/402 458/986/405 456/981/403
f 458/986/405 459/988/406 456/981/403
f 458/986/405 460/990/407 459/988/406
f 460/990/407 461/992/407 459/988/406
f 460/990/407 462/994/408 461/992/407
f 462/994/408 463/996/409 461/992/407
f 462/994/408 464/998/410 463/996/409
f 464/998/410 465/1000/410 463/996/409
f 464/998/410 466/1003/411 465/1000/410
f 466/1003/411 467/1005/412 465/1000/410
f 468/1006/413 469/1008/414 470/1010/415
f 471/1012/416 468/1006/413 470/1010/415
f 471/1012/416 472/1014/417 468/1006/413
f 472/1014/417 473/1016/418 468/1006/413
f 469/1008/414 474/1018/419 470/1010/415
f 474/1018/419 475/1021/420 470/1010/415
f 472/1014/417 476/1024/421 473/1016/418
f 477/1027/422 473/1016/418 476/1024/421
f 478/1028/423 477/1027/422 476/1024/421
f 479/1030/424 480/1032/425 481/1034/426
f 482/1037/427 479/1030/424 481/1034/426
f 482/1037/427 483/1039/428 479/1030/424
f 480/1032/425 451/968/388 481/1034/426
f 451/968/388 452/971/389 481/1034/426
f 484/1040/429 485/1042/430 372/798/431
f 370/794/432 484/1040/429 372/798/431
f 486/1044/433 484/1040/429 370/794/432
f 368/790/434 486/1044/433 370/794/432
f 487/1046/435 486/1044/433 368/790/434
f 359/770/436 487/1046/435 368/790/434
f 488/1048/437 487/1046/435 359/770/436
f 356/762/438 488/1048/437 359/770/436
f 489/1051/439 474/1019/440 339/725/441
f 339/725/441 490/1053/439 489/1051/439
f 490/1053/439 491/1055/439 489/1051/439
f 490/1053/439 492/1057/442 491/1055/439
f 491/1055/439 492/1057/442 493/1059/439
f 494/1061/443 491/1055/439 493/1059/439
f 493/1059/439 495/1063/444 494/1061/443
f 339/725/441 474/1019/440 469/1009/445
f 337/720/445 339/725/441 469/1009/445
f 337/720/445 469/1009/445 468/1007/445
f 335/716/445 337/720/445 468/1007/445
f 335/716/445 468/1007/445 473/1017/446
f 473/1017/446 333/712/447 335/716/445
f 333/712/447 473/1017/446 477/1026/448
f 340/728/448 333/712/447 477/1026/448
f 340/728/448 477/1026/448 496/1065/448
f 342/732/448 340/728/448 496/1065/448
f 496/1065/448 497/1067/448 342/732/448
f 344/736/448 342/732/448 497/1067/448
f 497/1067/448 498/1070/449 344/736/448
f 497/1067/448 466/1002/450 498/1070/449
f 330/705/451 498/1070/449 466/1002/450
f 466/1002/450 464/999/451 330/705/451
f 464/999/451 462/995/451 330/705/451
f 462/995/451 325/694/451 330/705/451
f 462/995/451 460/991/451 325/694/451
f 460/991/451 323/690/452 325/694/451
f 460/991/451 458/987/453 323/690/452
f 324/692/454 323/690/452 458/987/453
f 458/987/453 455/980/454 324/692/454
f 455/980/454 454/977/454 324/692/454
f 454/977/454 328/701/454 324/692/454
f 454/977/454 494/1061/443 328/701/454
f 494/1061/443 495/1063/444 328/701/454
f 499/1072/455 500/1073/456 233/497/457
f 118/251/458 499/1072/455 233/497/457
f 232/495/459 233/497/457 500/1073/456
f 118/251/458 117/248/460 499/1072/455
f 501/1074/461 499/1072/455 117/248/460
f 502/1075/462 501/1074/461 117/248/460
f 502/1075/462 135/286/463 501/1074/461
f 503/1077/464 501/1074/461 135/286/463
f 128/273/465 503/1077/464 135/286/463
f 503/1077/464 128/273/465 127/271/466
f 504/1078/467 503/1077/464 127/271/466
f 127/271/466 130/277/468 504/1078/467
f 505/1079/469 504/1078/467 130/277/468
f 132/281/470 505/1079/469 130/277/468
f 505/1079/469 132/281/470 173/370/471
f 506/1080/472 505/1079/469 173/370/471
f 173/370/471 235/501/473 506/1080/472
f 507/1081/474 506/1080/472 235/501/473
f 237/505/475 507/1081/474 235/501/473
f 237/505/475 239/509/476 507/1081/474
f 508/1082/477 507/1081/474 239/509/476
f 241/512/478 508/1082/477 239/509/476
f 508/1082/477 241/512/478 509/1083/479
f 510/1086/480 508/1082/477 509/1083/479
f 509/1083/479 511/1087/481 510/1086/480
f 512/1089/482 510/1086/480 511/1087/481
f 231/492/483 512/1089/482 511/1087/481
f 512/1089/482 231/492/483 230/491/484
f 500/1073/456 512/1089/482 230/491/484
f 230/491/484 232/495/459 500/1073/456
f 513/1090/485 514/1091/486 167/356/487
f 169/360/488 513/1090/485 167/356/487
f 515/1092/489 513/1090/485 169/360/488
f 170/362/490 515/1092/489 169/360/488
f 170/362/490 171/364/491 515/1092/489
f 516/1093/492 515/1092/489 171/364/491
f 172/366/493 516/1093/492 171/364/491
f 227/485/494 516/1093/492 172/366/493
f 167/356/487 514/1091/486 168/358/495
f 168/358/495 514/1091/486 175/375/496
f 514/1091/486 517/1094/497 175/375/496
f 176/378/498 175/375/496 517/1094/497
f 518/1095/499 176/378/498 517/1094/497
f 176/378/498 518/1095/499 177/380/500
f 518/1095/499 519/1096/501 177/380/500
f 520/1097/502 521/1099/503 522/1101/504
f 523/1103/505 520/1097/502 522/1101/504
f 524/1105/506 522/1101/504 521/1099/503
f 525/1108/507 524/1105/506 521/1099/503
f 520/1097/502 523/1103/505 526/1112/508
f 523/1103/505 527/1114/509 526/1112/508
f 172/367/74 148/315/75 146/309/125
f 227/484/124 172/367/74 146/309/125
f 502/1076/510 117/249/12 116/246/11
f 382/820/511 502/1076/510 116/246/11
f 502/1076/510 382/820/511 135/287/30
f 382/820/511 134/285/29 135/287/30
f 528/1115/512 529/1117/513 283/603/514
f 286/609/515 528/1115/512 283/603/514
f 530/1119/516 283/603/514 529/1117/513
f 283/603/514 530/1119/516 282/600/517
f 530/1119/516 531/1121/518 282/600/517
f 528/1115/512 286/609/515 532/1124/519
f 533/1126/520 534/1128/521 535/1131/522
f 536/1133/523 533/1126/520 535/1131/522
f 534/1128/521 533/1126/520 537/1134/524
f 538/1137/525 534/1128/521 537/1134/524
f 539/1140/526 540/1142/527 278/591/528
f 280/595/529 539/1140/526 278/591/528
f 539/1140/526 280/595/529 541/1144/530
f 531/1122/518 541/1144/530 280/595/529
f 282/601/517 531/1122/518 280/595/529
f 278/591/528 540/1142/527 276/587/531
f 540/1142/527 542/1146/532 276/587/531
f 543/1148/533 276/587/531 542/1146/532
f 276/587/531 543/1148/533 273/581/534
f 543/1148/533 544/1150/535 273/581/534
f 231/493/129 511/1088/536 396/849/537
f 394/845/538 231/493/129 396/849/537
f 398/854/539 396/849/537 511/1088/536
f 509/1084/540 398/854/539 511/1088/536
f 228/487/126 231/493/129 394/845/538
f 222/474/114 151/321/117 126/269/21
f 125/265/20 222/474/114 126/269/21
f 545/1152/541 546/1154/542 351/752/543
f 354/758/544 545/1152/541 351/752/543
f 545/1152/541 354/758/544 547/1156/545
f 354/758/544 355/760/546 547/1156/545
f 547/1156/545 355/760/546 548/1158/547
f 355/760/546 362/776/548 548/1158/547
f 356/763/438 351/752/543 546/1154/542
f 488/1049/437 356/763/438 546/1154/542
f 497/1068/549 496/1066/550 549/1160/551
f 550/1162/552 497/1068/549 549/1160/551
f 549/1160/551 496/1066/550 478/1028/423
f 496/1066/550 477/1027/422 478/1028/423
f 551/1165/553 552/1167/422 307/655/554
f 309/659/555 551/1165/553 307/655/554
f 307/655/554 552/1167/422 304/648/556
f 552/1167/422 553/1169/557 304/648/556
f 301/641/558 551/1165/553 309/659/555
f 554/1171/559 551/1165/553 301/641/558
f 299/637/560 554/1171/559 301/641/558
f 427/918/561 263/560/562 256/544/563
f 440/946/564 427/918/561 256/544/563
f 442/950/565 440/946/564 256/544/563
f 256/544/563 255/543/566 442/950/565
f 255/543/566 258/549/567 442/950/565
f 263/560/562 427/918/561 426/915/568
f 264/563/568 263/560/562 426/915/568
f 264/563/568 426/915/568 429/923/568
f 266/567/569 264/563/568 429/923/568
f 429/923/568 431/927/570 266/567/569
f 268/571/571 266/567/569 431/927/570
f 268/571/571 431/927/570 434/933/572
f 434/933/572 270/575/573 268/571/571
f 270/575/573 434/933/572 448/962/574
f 271/576/574 270/575/573 448/962/574
f 271/576/574 448/962/574 447/960/575
f 447/960/575 555/1173/576 271/576/574
f 447/960/575 451/969/577 555/1173/576
f 451/969/577 556/1176/578 555/1173/576
f 557/1178/579 556/1176/578 451/969/577
f 451/969/577 480/1033/579 557/1178/579
f 480/1033/579 558/1180/579 557/1178/579
f 480/1033/579 479/1031/579 558/1180/579
f 479/1031/579 245/520/580 558/1180/579
f 479/1031/579 483/1038/581 245/520/580
f 245/520/580 483/1038/581 246/523/582
f 483/1038/581 559/1182/583 246/523/582
f 247/525/584 246/523/582 559/1182/583
f 559/1182/583 560/1184/585 247/525/584
f 560/1184/585 250/531/586 247/525/584
f 560/1184/585 561/1186/587 250/531/586
f 561/1186/587 251/534/588 250/531/586
f 251/534/588 561/1186/587 445/955/589
f 445/955/589 260/553/589 251/534/588
f 445/955/589 444/954/589 260/553/589
f 444/954/589 258/549/567 260/553/589
f 444/954/589 442/950/565 258/549/567
f 424/910/350 155/330/590 154/328/349
f 155/330/590 424/910/350 562/1189/591
f 156/332/592 155/330/590 562/1189/591
f 156/332/592 562/1189/591 563/1191/593
f 158/336/594 156/332/592 563/1191/593
f 390/837/595 395/847/596 564/1194/597
f 565/1196/598 390/837/595 564/1194/597
f 389/835/599 390/837/595 565/1196/598
f 439/943/369 389/835/599 565/1196/598
f 453/974/391 564/1194/597 395/847/596
f 397/852/390 453/974/391 395/847/596
f 389/835/599 439/943/369 388/833/368
f 406/872/315 145/307/600 147/311/312
f 145/307/600 406/872/315 566/1198/601
f 144/305/214 145/307/600 566/1198/601
f 566/1198/601 320/683/213 144/305/214
f 357/766/376 358/768/602 199/429/603
f 197/424/375 357/766/376 199/429/603
f 358/768/602 360/772/604 201/433/605
f 199/429/603 358/768/602 201/433/605
f 201/433/605 360/772/604 203/437/606
f 360/772/604 369/792/607 203/437/606
f 381/818/608 379/814/609 209/449/610
f 207/445/611 381/818/608 209/449/610
f 209/449/610 379/814/609 187/400/400
f 379/814/609 376/807/399 187/400/400
f 381/818/608 207/445/611 371/796/612
f 207/445/611 205/441/613 371/796/612
f 371/796/612 205/441/613 369/792/607
f 205/441/613 203/437/606 369/792/607
f 553/1169/557 567/1200/614 303/645/615
f 304/648/556 553/1169/557 303/645/615
f 227/485/494 226/483/616 568/1203/617
f 516/1093/492 227/485/494 568/1203/617
f 569/1204/618 570/1206/619 281/597/620
f 279/593/621 569/1204/618 281/597/620
f 569/1204/618 279/593/621 571/1209/622
f 279/593/621 277/589/623 571/1209/622
f 571/1209/622 277/589/623 572/1211/624
f 277/589/623 275/585/624 572/1211/624
f 572/1211/624 275/585/624 573/1213/625
f 275/585/624 274/583/626 573/1213/625
f 524/1106/9 574/1215/9 575/1217/9
f 575/1217/9 576/1220/9 524/1106/9
f 576/1220/9 522/1102/9 524/1106/9
f 576/1220/9 577/1222/9 522/1102/9
f 577/1222/9 523/1104/9 522/1102/9
f 577/1222/9 578/1224/9 523/1104/9
f 578/1224/9 527/1113/9 523/1104/9
f 578/1224/9 579/1226/9 527/1113/9
f 580/1229/627 529/1117/628 528/1115/629
f 581/1231/630 580/1229/627 528/1115/629
f 528/1115/629 532/1124/631 581/1231/630
f 581/1231/630 532/1124/631 582/1233/632
f 583/1235/633 581/1231/630 582/1233/632
f 582/1233/632 584/1237/634 583/1235/633
f 583/1235/633 584/1237/634 585/1239/635
f 586/1241/636 583/1235/633 585/1239/635
f 586/1241/636 585/1239/635 587/1243/637
f 588/1246/638 586/1241/636 587/1243/637
f 589/1249/639 308/657/640 590/1251/641
f 591/1253/642 590/1251/641 308/657/640
f 306/653/643 591/1253/642 308/657/640
f 591/1253/642 306/653/643 592/1255/644
f 308/657/640 589/1249/639 302/643/645
f 589/1249/639 593/1257/646 302/643/645
f 302/643/645 593/1257/646 300/639/647
f 593/1257/646 594/1259/648 300/639/647
f 595/1261/649 300/639/647 594/1259/648
f 300/639/647 595/1261/649 298/635/650
f 596/1263/651 293/623/652 597/1265/653
f 293/623/652 596/1263/651 305/650/654
f 596/1263/651 598/1268/655 305/650/654
f 599/1270/656 597/1265/653 293/623/652
f 292/621/657 599/1270/656 293/623/652
f 600/1272/658 599/1270/656 292/621/657
f 289/615/659 600/1272/658 292/621/657
f 600/1272/658 289/615/659 601/1274/660
f 544/1150/535 601/1274/660 289/615/659
f 273/581/534 544/1150/535 289/615/659
f 591/1253/661 592/1255/662 602/1276/663
f 602/1276/663 603/1278/664 591/1253/661
f 602/1276/663 592/1255/662 604/1280/665
f 605/1282/666 602/1276/663 604/1280/665
f 604/1280/665 598/1267/667 605/1282/666
f 530/1119/668 529/1117/628 580/1229/627
f 580/1229/627 606/1285/669 530/1119/668
f 606/1285/669 531/1121/670 530/1119/668
f 607/1288/671 515/1092/672 516/1093/673
f 516/1093/673 568/1203/674 607/1288/671
f 568/1203/674 608/1290/675 607/1288/671
f 568/1203/674 609/1293/676 608/1290/675
f 568/1203/674 610/1295/677 609/1293/676
f 610/1295/677 611/1296/678 609/1293/676
f 610/1295/677 612/1298/679 611/1296/678
f 612/1298/679 613/1299/679 611/1296/678
f 612/1298/679 614/1301/680 613/1299/679
f 612/1298/679 615/1304/681 614/1301/680
f 614/1301/680 615/1304/681 518/1095/682
f 526/1111/683 614/1301/680 518/1095/682
f 520/1098/684 526/1111/683 518/1095/682
f 520/1098/684 518/1095/682 517/1094/684
f 521/1100/685 520/1098/684 517/1094/684
f 521/1100/685 517/1094/684 514/1091/686
f 525/1109/687 521/1100/685 514/1091/686
f 525/1109/687 514/1091/686 513/1090/682
f 607/1288/671 525/1109/687 513/1090/682
f 513/1090/682 515/1092/672 607/1288/671
f 615/1304/681 519/1096/688 518/1095/682
f 600/1272/689 601/1274/690 616/1305/691
f 616/1305/691 601/1274/690 544/1150/692
f 617/1307/693 616/1305/691 544/1150/692
f 617/1307/693 544/1150/692 543/1148/694
f 618/1309/695 617/1307/693 543/1148/694
f 543/1148/694 542/1146/696 618/1309/695
f 616/1305/691 619/1311/697 600/1272/689
f 619/1311/697 599/1270/698 600/1272/689
f 619/1311/697 620/1314/699 599/1270/698
f 620/1314/699 597/1265/700 599/1270/698
f 596/1263/701 597/1265/700 620/1314/699
f 588/1247/638 621/1315/702 622/1317/703
f 623/1319/704 588/1247/638 622/1317/703
f 622/1317/703 624/1321/705 623/1319/704
f 623/1319/704 624/1321/705 595/1261/706
f 625/1323/707 623/1319/704 595/1261/706
f 587/1244/637 621/1315/702 588/1247/638
f 595/1261/706 594/1259/708 625/1323/707
f 625/1323/707 594/1259/708 593/1257/709
f 626/1325/710 625/1323/707 593/1257/709
f 626/1325/710 593/1257/709 589/1249/711
f 603/1278/664 626/1325/710 589/1249/711
f 589/1249/711 590/1251/712 603/1278/664
f 603/1278/664 590/1251/712 591/1253/661
f 587/1243/713 585/1239/714 294/625/715
f 295/627/716 587/1243/713 294/625/715
f 294/625/715 585/1239/714 287/611/717
f 585/1239/714 584/1237/718 287/611/717
f 582/1233/719 287/611/717 584/1237/718
f 287/611/717 582/1233/719 286/609/515
f 582/1233/719 532/1124/519 286/609/515
f 242/515/140 398/855/539 509/1085/540
f 241/513/139 242/515/140 509/1085/540
f 618/1309/695 542/1146/696 540/1142/720
f 627/1327/721 618/1309/695 540/1142/720
f 627/1327/721 540/1142/720 539/1140/722
f 628/1329/723 627/1327/721 539/1140/722
f 539/1140/722 541/1144/724 628/1329/723
f 628/1329/723 541/1144/724 531/1122/670
f 606/1286/669 628/1329/723 531/1122/670
f 629/1332/725 630/1334/726 631/1335/727
f 632/1338/728 629/1332/725 631/1335/727
f 364/780/729 217/465/109 218/466/110
f 633/1341/730 364/780/729 218/466/110
f 362/776/548 364/781/729 633/1342/730
f 548/1158/547 362/776/548 633/1342/730
f 380/816/731 372/798/431 485/1042/430
f 634/1344/732 380/816/731 485/1042/430
f 378/811/733 380/816/731 634/1344/732
f 635/1346/734 378/811/733 634/1344/732
f 377/809/735 378/812/733 635/1347/734
f 636/1349/736 377/809/735 635/1347/734
f 221/473/113 377/809/735 636/1349/736
f 220/470/112 221/473/113 636/1349/736
f 602/1277/737 605/1283/738 549/1161/739
f 549/1161/739 478/1029/737 602/1277/737
f 478/1029/737 603/1279/737 602/1277/737
f 478/1029/737 476/1025/740 603/1279/737
f 476/1025/740 626/1326/741 603/1279/737
f 476/1025/740 472/1015/742 626/1326/741
f 625/1324/743 626/1326/741 472/1015/742
f 472/1015/742 471/1013/744 625/1324/743
f 471/1013/744 623/1320/745 625/1324/743
f 471/1013/744 470/1011/746 623/1320/745
f 588/1248/747 623/1320/745 470/1011/746
f 470/1011/746 475/1022/747 588/1248/747
f 475/1022/747 637/1351/748 588/1248/747
f 637/1351/748 586/1242/747 588/1248/747
f 637/1351/748 583/1236/749 586/1242/747
f 637/1351/748 638/1353/750 583/1236/749
f 581/1232/750 583/1236/749 638/1353/750
f 580/1230/750 581/1232/750 638/1353/750
f 580/1230/750 638/1353/750 639/1355/750
f 580/1230/750 639/1355/750 457/984/751
f 457/984/751 606/1287/752 580/1230/750
f 628/1330/753 606/1287/752 457/984/751
f 628/1330/753 457/984/751 456/982/753
f 627/1328/753 628/1330/753 456/982/753
f 627/1328/753 456/982/753 459/989/754
f 459/989/754 618/1310/755 627/1328/753
f 618/1310/755 459/989/754 461/993/756
f 617/1308/756 618/1310/755 461/993/756
f 617/1308/756 461/993/756 463/997/756
f 616/1306/756 617/1308/756 463/997/756
f 616/1306/756 463/997/756 465/1001/756
f 616/1306/756 465/1001/756 467/1004/757
f 619/1312/756 616/1306/756 467/1004/757
f 467/1004/757 620/1313/758 619/1312/756
f 620/1313/758 467/1004/757 550/1163/759
f 620/1313/758 550/1163/759 549/1161/739
f 549/1161/739 605/1283/738 620/1313/758
f 149/317/43 404/868/760 147/312/41
f 416/893/761 418/897/762 546/1155/763
f 546/1155/763 545/1153/764 416/893/761
f 416/893/761 545/1153/764 547/1157/761
f 416/893/761 547/1157/761 548/1159/765
f 548/1159/765 417/895/766 416/893/761
f 488/1050/767 546/1155/763 418/897/762
f 488/1050/767 418/897/762 419/899/767
f 487/1047/767 488/1050/767 419/899/767
f 487/1047/767 419/899/767 640/1357/768
f 640/1357/768 486/1045/769 487/1047/767
f 453/975/770 417/895/766 548/1159/765
f 453/975/770 548/1159/765 633/1343/771
f 564/1195/771 453/975/770 633/1343/771
f 564/1195/771 633/1343/771 218/467/770
f 565/1197/770 564/1195/771 218/467/770
f 565/1197/770 218/467/770 216/463/772
f 216/463/772 439/944/773 565/1197/770
f 439/944/773 216/463/772 212/455/774
f 438/942/774 439/944/773 212/455/774
f 437/940/775 438/942/774 212/455/774
f 212/455/774 211/453/776 437/940/775
f 436/938/777 437/940/775 211/453/776
f 436/938/777 211/453/776 220/471/778
f 435/936/777 436/938/777 220/471/778
f 435/936/777 220/471/778 636/1350/777
f 411/883/779 435/936/777 636/1350/777
f 636/1350/777 635/1348/780 411/883/779
f 411/883/779 635/1348/780 634/1345/781
f 634/1345/781 409/879/782 411/883/779
f 634/1345/781 485/1043/783 409/879/782
f 485/1043/783 410/881/784 409/879/782
f 410/881/784 485/1043/783 484/1041/785
f 484/1041/785 412/885/786 410/881/784
f 484/1041/785 413/886/786 412/885/786
f 484/1041/785 486/1045/769 413/886/786
f 486/1045/769 640/1357/768 413/886/786
f 641/1359/787 422/906/345 189/407/346
f 191/411/788 641/1359/787 189/407/346
f 642/1361/789 641/1359/787 191/411/788
f 193/415/790 642/1361/789 191/411/788
f 643/1363/791 642/1361/789 193/415/790
f 194/417/792 643/1363/791 193/415/790
f 644/1365/793 643/1363/791 194/417/792
f 195/419/794 644/1365/793 194/417/792
f 645/1367/233 644/1365/793 195/419/794
f 198/426/232 645/1367/233 195/419/794
f 349/747/231 645/1368/233 198/427/232
f 200/431/230 349/747/231 198/427/232
f 314/670/202 350/749/245 210/450/246
f 313/667/201 314/670/202 210/450/246
f 267/569/795 269/573/796 408/877/797
f 408/877/797 414/889/795 267/569/795
f 414/889/795 415/890/798 267/569/795
f 415/890/798 265/565/799 267/569/795
f 407/875/800 408/877/797 269/573/796
f 407/875/800 269/573/796 272/578/800
f 405/870/800 407/875/800 272/578/800
f 646/1370/800 405/870/800 272/578/800
f 406/873/801 405/870/800 646/1370/800
f 646/1370/800 647/1372/802 406/873/801
f 566/1199/803 406/873/801 647/1372/802
f 647/1372/802 244/518/803 566/1199/803
f 244/518/803 320/684/803 566/1199/803
f 244/518/803 243/517/804 320/684/803
f 243/517/804 319/682/805 320/684/803
f 317/677/806 319/682/805 243/517/804
f 243/517/804 248/527/806 317/677/806
f 248/527/806 315/673/807 317/677/806
f 248/527/806 249/529/808 315/673/807
f 272/578/800 648/1374/800 646/1370/800
f 316/675/809 315/673/807 249/529/808
f 249/529/808 252/537/809 316/675/809
f 252/537/809 318/680/810 316/675/809
f 252/537/809 259/551/811 318/680/810
f 423/909/812 318/680/810 259/551/811
f 259/551/811 424/911/813 423/909/812
f 259/551/811 257/547/812 424/911/813
f 257/547/812 254/541/814 424/911/813
f 424/911/813 254/541/814 253/538/815
f 562/1190/816 424/911/813 253/538/815
f 562/1190/816 253/538/815 262/557/817
f 262/557/817 563/1192/818 562/1190/816
f 563/1192/818 262/557/817 261/555/819
f 649/1377/819 563/1192/818 261/555/819
f 649/1377/819 261/555/819 265/565/799
f 265/565/799 415/890/798 649/1377/819
f 413/887/327 640/1358/820 393/843/821
f 392/841/326 413/887/327 393/843/821
f 393/843/821 640/1358/820 403/866/340
f 640/1358/820 419/900/339 403/866/340
f 185/396/822 183/392/397 367/788/398
f 366/786/823 185/396/822 367/788/398
f 188/403/824 185/396/822 366/786/823
f 365/783/825 188/403/824 366/786/823
f 190/409/826 188/404/824 365/784/825
f 363/778/827 190/409/826 365/784/825
f 192/413/372 190/409/826 363/778/827
f 361/774/370 192/413/372 363/778/827
f 284/605/828 281/598/620 570/1207/619
f 650/1379/829 284/605/828 570/1207/619
f 285/607/830 284/605/828 650/1379/829
f 651/1381/831 285/607/830 650/1379/829
f 288/613/832 285/607/830 651/1381/831
f 652/1383/833 288/613/832 651/1381/831
f 296/630/834 288/613/832 652/1383/833
f 653/1385/835 296/630/834 652/1383/833
f 297/633/836 296/631/834 653/1386/835
f 654/1388/837 297/633/836 653/1386/835
f 297/633/836 654/1388/837 299/637/560
f 654/1388/837 554/1171/559 299/637/560
f 291/619/838 303/646/615 567/1201/614
f 655/1390/839 291/619/838 567/1201/614
f 290/617/410 291/619/838 655/1390/839
f 656/1392/410 290/617/410 655/1390/839
f 274/583/626 290/617/410 656/1392/410
f 573/1213/625 274/583/626 656/1392/410
f 348/746/840 347/744/841 551/1166/842
f 551/1166/842 554/1172/840 348/746/840
f 554/1172/840 349/748/840 348/746/840
f 554/1172/840 654/1389/840 349/748/840
f 654/1389/840 645/1369/843 349/748/840
f 654/1389/840 653/1387/844 645/1369/843
f 552/1168/845 551/1166/842 347/744/841
f 552/1168/845 347/744/841 346/742/846
f 553/1170/847 552/1168/845 346/742/846
f 346/742/846 350/750/848 553/1170/847
f 350/750/848 567/1202/849 553/1170/847
f 567/1202/849 350/750/848 314/671/850
f 314/671/850 312/665/850 567/1202/849
f 312/665/850 655/1391/850 567/1202/849
f 312/665/850 311/663/850 655/1391/850
f 311/663/850 656/1393/849 655/1391/850
f 311/663/850 573/1214/851 656/1393/849
f 311/663/850 310/661/852 573/1214/851
f 572/1212/853 573/1214/851 310/661/852
f 310/661/852 421/904/854 572/1212/853
f 421/904/854 571/1210/853 572/1212/853
f 421/904/854 420/902/853 571/1210/853
f 420/902/853 569/1205/853 571/1210/853
f 420/902/853 570/1208/855 569/1205/853
f 420/902/853 422/907/856 570/1208/855
f 650/1380/857 570/1208/855 422/907/856
f 422/907/856 641/1360/857 650/1380/857
f 641/1360/857 642/1362/858 650/1380/857
f 642/1362/858 651/1382/859 650/1380/857
f 651/1382/859 642/1362/858 643/1364/860
f 651/1382/859 643/1364/860 644/1366/860
f 652/1384/860 651/1382/859 644/1366/860
f 652/1384/860 644/1366/860 645/1369/843
f 645/1369/843 653/1387/844 652/1384/860
f 622/1317/861 621/1315/862 295/628/716
f 298/635/650 622/1317/861 295/628/716
f 587/1244/713 295/628/716 621/1315/862
f 622/1317/861 298/635/650 624/1321/863
f 595/1261/649 624/1321/863 298/635/650
f 657/1394/864 535/1130/865 506/1080/866
f 506/1080/866 632/1339/867 657/1394/864
f 632/1339/867 506/1080/866 508/1082/868
f 632/1339/867 508/1082/868 510/1086/869
f 629/1331/869 632/1339/867 510/1086/869
f 658/1396/870 629/1331/869 510/1086/869
f 658/1396/870 510/1086/869 512/1089/867
f 659/1398/871 658/1396/870 512/1089/867
f 659/1398/871 512/1089/867 500/1073/872
f 500/1073/872 660/1400/873 659/1398/871
f 506/1080/866 507/1081/874 508/1082/868
f 505/1079/875 506/1080/866 535/1130/865
f 505/1079/875 535/1130/865 534/1129/876
f 504/1078/877 505/1079/875 534/1129/876
f 504/1078/877 534/1129/876 538/1138/878
f 503/1077/878 504/1078/877 538/1138/878
f 538/1138/878 661/1403/879 503/1077/878
f 661/1403/879 660/1400/873 500/1073/872
f 503/1077/878 661/1403/879 499/1072/880
f 661/1403/879 500/1073/872 499/1072/880
f 499/1072/880 501/1074/881 503/1077/878
f 662/1405/8 663/1408/8 537/1135/8
f 537/1135/8 664/1410/8 662/1405/8
f 537/1135/8 533/1127/8 664/1410/8
f 533/1127/8 665/1412/8 664/1410/8
f 533/1127/8 536/1132/8 665/1412/8
f 536/1132/8 630/1333/8 665/1412/8
f 536/1132/8 666/1414/8 630/1333/8
f 666/1414/8 631/1336/8 630/1333/8
f 658/1397/882 665/1413/883 630/1334/726
f 629/1332/725 658/1397/882 630/1334/726
f 658/1397/882 659/1399/884 665/1413/883
f 659/1399/884 664/1411/885 665/1413/883
f 660/1401/886 662/1406/887 664/1411/885
f 659/1399/884 660/1401/886 664/1411/885
f 661/1404/888 663/1409/889 662/1407/887
f 660/1402/886 661/1404/888 662/1407/887
f 661/1404/888 538/1139/525 663/1409/889
f 538/1139/525 537/1136/524 663/1409/889
f 657/1395/890 666/1415/891 536/1133/523
f 535/1131/522 657/1395/890 536/1133/523
f 657/1395/890 632/1340/728 666/1415/891
f 632/1340/728 631/1337/727 666/1415/891
f 604/1280/892 305/651/654 598/1267/655
f 305/651/654 604/1280/892 306/653/643
f 604/1280/892 592/1255/644 306/653/643
f 667/1416/893 668/1418/894 322/688/895
f 322/688/895 321/686/893 667/1416/893
f 321/686/893 669/1420/893 667/1416/893
f 321/686/893 327/698/896 669/1420/893
f 327/698/896 446/957/897 669/1420/893
f 327/698/896 670/1423/898 446/957/897
f 326/696/899 322/688/895 668/1418/894
f 326/696/899 668/1418/894 482/1036/900
f 329/703/899 326/696/899 482/1036/900
f 329/703/899 482/1036/900 481/1035/901
f 671/1426/901 329/703/899 481/1035/901
f 671/1426/901 481/1035/901 452/972/900
f 443/952/902 446/957/897 670/1423/898
f 670/1423/898 672/1427/903 443/952/902
f 672/1427/903 673/1429/904 443/952/902
f 443/952/902 673/1429/904 674/1431/905
f 441/948/902 443/952/902 674/1431/905
f 674/1431/905 428/921/906 441/948/902
f 428/921/906 674/1431/905 338/722/907
f 425/913/907 428/921/906 338/722/907
f 425/913/907 338/722/907 336/718/907
f 430/925/908 425/913/907 336/718/907
f 430/925/908 336/718/907 334/714/907
f 432/929/907 430/925/908 334/714/907
f 432/929/907 334/714/907 332/710/907
f 433/931/907 432/929/907 332/710/907
f 433/931/907 332/710/907 331/708/907
f 449/964/909 433/931/907 331/708/907
f 331/708/907 341/730/910 449/964/909
f 450/966/899 449/964/909 341/730/910
f 341/730/910 343/734/899 450/966/899
f 452/972/900 450/966/899 343/734/899
f 605/1284/666 598/1268/667 596/1263/701
f 620/1314/699 605/1284/666 596/1263/701
f 596/1264/8 598/1269/8 604/1281/8
f 604/1281/8 597/1266/8 596/1264/8
f 604/1281/8 592/1256/8 597/1266/8
f 592/1256/8 599/1271/8 597/1266/8
f 592/1256/8 591/1254/8 599/1271/8
f 591/1254/8 600/1273/8 599/1271/8
f 591/1254/8 590/1252/8 600/1273/8
f 590/1252/8 601/1275/8 600/1273/8
f 590/1252/8 589/1250/8 601/1275/8
f 589/1250/8 544/1151/8 601/1275/8
f 589/1250/8 593/1258/8 544/1151/8
f 593/1258/8 543/1149/8 544/1151/8
f 593/1258/8 594/1260/8 543/1149/8
f 594/1260/8 542/1147/8 543/1149/8
f 594/1260/8 595/1262/8 542/1147/8
f 595/1262/8 540/1143/8 542/1147/8
f 595/1262/8 624/1322/8 540/1143/8
f 624/1322/8 539/1141/8 540/1143/8
f 624/1322/8 622/1318/8 539/1141/8
f 622/1318/8 541/1145/8 539/1141/8
f 622/1318/8 621/1316/8 541/1145/8
f 621/1316/8 531/1123/8 541/1145/8
f 621/1316/8 587/1245/8 531/1123/8
f 587/1245/8 530/1120/8 531/1123/8
f 587/1245/8 585/1240/8 530/1120/8
f 585/1240/8 529/1118/8 530/1120/8
f 585/1240/8 584/1238/8 529/1118/8
f 584/1238/8 528/1116/8 529/1118/8
f 584/1238/8 582/1234/8 528/1116/8
f 582/1234/8 532/1125/8 528/1116/8
f 579/1227/911 578/1225/912 613/1300/913
f 614/1302/914 579/1227/911 613/1300/913
f 613/1300/913 578/1225/912 611/1297/915
f 578/1225/912 577/1223/916 611/1297/915
f 179/384/85 313/668/91 210/451/91
f 210/451/91 187/401/91 179/384/85
f 253/539/150 256/545/153 263/561/160
f 262/558/159 253/539/150 263/561/160
f 272/579/169 271/577/168 555/1174/917
f 648/1375/918 272/579/169 555/1174/917
f 648/1376/918 555/1175/917 556/1177/919
f 646/1371/920 648/1376/918 556/1177/919
f 646/1371/920 556/1177/919 557/1179/921
f 647/1373/922 646/1371/920 557/1179/921
f 647/1373/922 557/1179/921 558/1181/923
f 244/519/142 647/1373/922 558/1181/923
f 558/1181/923 245/521/143 244/519/142
f 166/354/64 404/868/760 149/317/43
f 327/699/221 328/702/222 495/1064/924
f 670/1424/925 327/699/221 495/1064/924
f 670/1424/925 495/1064/924 493/1060/926
f 672/1428/927 670/1424/925 493/1060/926
f 672/1428/927 493/1060/926 492/1058/791
f 673/1430/928 672/1428/927 492/1058/791
f 673/1430/928 492/1058/791 490/1054/929
f 674/1432/930 673/1430/928 490/1054/929
f 674/1432/930 490/1054/929 339/726/233
f 338/723/232 674/1432/930 339/726/233
f 345/739/201 344/737/202 498/1071/200
f 671/1425/199 345/739/201 498/1071/200
f 671/1425/199 498/1071/200 330/706/224
f 329/704/223 671/1425/199 330/706/224
f 160/342/931 649/1378/932 415/891/331
f 162/346/330 160/342/931 415/891/331
f 160/342/931 158/337/594 649/1378/932
f 158/337/594 563/1193/593 649/1378/932
f 483/1039/428 482/1037/427 668/1419/933
f 559/1183/934 483/1039/428 668/1419/933
f 559/1183/934 668/1419/933 667/1417/935
f 560/1185/936 559/1183/934 667/1417/935
f 560/1185/936 667/1417/935 669/1421/824
f 561/1187/825 560/1185/936 669/1421/824
f 561/1188/825 669/1422/824 446/958/383
f 445/956/382 561/1188/825 446/958/383
f 454/978/401 457/985/404 639/1356/937
f 494/1062/938 454/978/401 639/1356/937
f 494/1062/938 639/1356/937 638/1354/830
f 491/1056/831 494/1062/938 638/1354/830
f 491/1056/831 638/1354/830 637/1352/832
f 489/1052/939 491/1056/831 637/1352/832
f 489/1052/939 637/1352/832 475/1023/420
f 474/1020/419 489/1052/939 475/1023/420
f 497/1069/549 550/1164/552 467/1005/412
f 466/1003/411 497/1069/549 467/1005/412
f 343/734/899 345/740/900 671/1426/901
f 671/1426/901 452/972/900 343/734/899
f 225/481/940 568/1203/617 226/483/616
f 224/479/941 568/1203/617 225/481/940
f 568/1203/617 224/479/941 610/1295/942
f 224/479/941 223/477/943 610/1295/942
f 610/1295/942 223/477/943 222/475/944
f 612/1298/945 610/1295/942 222/475/944
f 222/475/944 125/266/946 612/1298/945
f 612/1298/945 125/266/946 615/1304/947
f 125/266/946 123/261/948 615/1304/947
f 615/1304/947 123/261/948 120/255/949
f 519/1096/501 615/1304/947 120/255/949
f 119/253/950 519/1096/501 120/255/949
f 519/1096/501 119/253/950 177/380/500
f 576/1221/951 575/1218/887 608/1291/886
f 609/1294/952 576/1221/951 608/1291/886
f 577/1223/916 576/1221/951 609/1294/952
f 611/1297/915 577/1223/916 609/1294/952
f 575/1219/887 574/1216/953 607/1289/954
f 608/1292/886 575/1219/887 607/1289/954
f 527/1114/509 579/1228/911 614/1303/914
f 526/1112/508 527/1114/509 614/1303/914
f 574/1216/953 524/1107/506 525/1110/507
f 607/1289/954 574/1216/953 525/1110/507
f 675/1433/955 676/1435/956 677/1437/957
f 675/1433/955 677/1437/957 678/1439/955
f 677/1437/957 679/1442/957 678/1439/955
f 676/1435/956 680/1444/955 677/1437/957
f 679/1442/957 677/1437/957 681/1447/958
f 682/1449/958 679/1442/957 681/1447/958
f 682/1449/958 681/1447/958 683/1451/959
f 681/1447/958 684/1454/959 683/1451/959
f 685/1457/960 686/1460/960 678/1440/960
f 678/1440/960 679/1443/961 685/1457/960
f 679/1443/961 687/1463/962 685/1457/960
f 679/1443/961 682/1450/963 687/1463/962
f 682/1450/963 688/1465/964 687/1463/962
f 689/1467/965 688/1465/964 682/1450/963
f 683/1452/965 689/1467/965 682/1450/963
f 690/1470/966 691/1473/966 692/1476/966
f 693/1479/966 690/1470/966 692/1476/966
f 694/1482/967 695/1484/967 696/1486/968
f 697/1488/968 694/1482/967 696/1486/968
f 697/1488/968 696/1486/968 698/1490/969
f 696/1486/968 699/1493/969 698/1490/969
f 695/1484/967 694/1482/967 678/1441/970
f 694/1482/967 675/1434/971 678/1441/971
f 676/1436/970 675/1434/971 694/1482/967
f 676/1436/970 694/1482/967 680/1445/971
f 689/1468/972 683/1453/972 684/1455/972
f 700/1496/972 689/1468/972 684/1455/972
f 701/1499/8 702/1501/8 703/1503/8
f 704/1505/8 702/1501/8 701/1499/8
f 705/1507/8 704/1505/8 701/1499/8
f 701/1499/8 706/1509/8 705/1507/8
f 707/1511/8 706/1509/8 701/1499/8
f 708/1514/8 706/1509/8 707/1511/8
f 703/1503/8 702/1501/8 709/1516/8
f 709/1516/8 710/1518/8 703/1503/8
f 710/1518/8 711/1521/8 703/1503/8
f 706/1509/8 708/1514/8 693/1480/8
f 712/1524/8 706/1509/8 693/1480/8
f 693/1480/8 692/1477/8 712/1524/8
f 713/1526/973 714/1529/974 715/1531/974
f 716/1532/973 713/1526/973 715/1531/974
f 716/1532/973 717/1534/975 713/1526/973
f 717/1534/975 718/1537/975 713/1526/973
f 719/1540/976 710/1519/977 709/1517/978
f 720/1543/979 719/1540/976 709/1517/978
f 720/1543/979 709/1517/978 702/1502/980
f 702/1502/980 704/1506/981 720/1543/979
f 704/1506/981 721/1545/982 720/1543/979
f 722/1547/983 721/1545/982 704/1506/981
f 705/1508/983 722/1547/983 704/1506/981
f 723/1549/984 724/1551/985 706/1510/985
f 712/1525/984 723/1549/984 706/1510/985
f 724/1551/985 722/1547/983 706/1510/985
f 722/1547/983 705/1508/983 706/1510/985
f 723/1549/984 712/1525/984 691/1474/986
f 712/1525/984 692/1478/986 691/1474/986
f 720/1544/9 725/1553/9 726/1555/9
f 726/1555/9 727/1557/9 720/1544/9
f 727/1557/9 719/1541/9 720/1544/9
f 725/1553/9 720/1544/9 721/1546/9
f 725/1553/9 721/1546/9 722/1548/9
f 722/1548/9 724/1552/9 725/1553/9
f 724/1552/9 728/1560/9 725/1553/9
f 724/1552/9 729/1563/9 728/1560/9
f 690/1471/9 729/1563/9 724/1552/9
f 690/1471/9 724/1552/9 723/1550/9
f 723/1550/9 691/1475/9 690/1471/9
f 730/1565/987 731/1567/987 732/1569/988
f 733/1572/988 730/1565/987 732/1569/988
f 731/1567/987 730/1565/987 734/1574/989
f 735/1576/989 731/1567/987 734/1574/989
f 734/1574/989 736/1578/959 735/1576/989
f 736/1578/959 737/1581/959 735/1576/989
f 738/1585/990 739/1586/990 680/1446/990
f 677/1438/991 680/1446/990 739/1586/990
f 740/1588/992 677/1438/991 739/1586/990
f 677/1438/991 740/1588/992 681/1448/993
f 740/1588/992 741/1590/994 681/1448/993
f 684/1456/995 681/1448/993 741/1590/994
f 700/1497/995 684/1456/995 741/1590/994
f 695/1485/961 678/1440/960 732/1570/960
f 731/1568/962 695/1485/961 732/1570/960
f 686/1460/960 732/1570/960 678/1440/960
f 695/1485/961 731/1568/962 696/1487/963
f 731/1568/962 735/1577/964 696/1487/963
f 696/1487/963 735/1577/964 737/1582/965
f 699/1494/965 696/1487/963 737/1582/965
f 742/1593/996 686/1462/996 685/1458/996
f 739/1586/996 742/1593/996 685/1458/996
f 742/1593/996 739/1586/996 743/1595/996
f 743/1595/996 739/1586/996 738/1585/996
f 729/1564/997 690/1472/998 693/1481/998
f 708/1515/997 729/1564/997 693/1481/998
f 729/1564/997 708/1515/997 728/1561/999
f 708/1515/997 707/1512/1000 728/1561/999
f 740/1589/1001 739/1587/1002 685/1459/1002
f 687/1464/1001 740/1589/1001 685/1459/1002
f 740/1589/1001 687/1464/1001 688/1466/1003
f 741/1591/1003 740/1589/1001 688/1466/1003
f 741/1591/1003 688/1466/1003 700/1498/969
f 688/1466/1003 689/1469/969 700/1498/969
f 701/1500/1004 703/1504/1005 726/1556/1006
f 725/1554/1007 701/1500/1004 726/1556/1006
f 707/1513/1000 701/1500/1004 725/1554/1007
f 728/1562/999 707/1513/1000 725/1554/1007
f 726/1556/1006 703/1504/1005 711/1522/1008
f 727/1558/1009 726/1556/1006 711/1522/1008
f 744/1596/1010 745/1598/1011 746/1601/1011
f 747/1604/1010 744/1596/1010 746/1601/1011
f 744/1596/1010 747/1604/1010 748/1607/1012
f 747/1604/1010 749/1609/1012 748/1607/1012
f 715/1530/1013 745/1599/1013 744/1597/1013
f 748/1606/1013 715/1530/1013 744/1597/1013
f 715/1530/1013 748/1606/1013 750/1610/1013
f 716/1533/1013 715/1530/1013 750/1610/1013
f 716/1533/1013 750/1610/1013 751/1613/1013
f 751/1613/1013 717/1535/1013 716/1533/1013
f 714/1528/1014 713/1527/1014 749/1608/1014
f 749/1608/1014 747/1605/1014 714/1528/1014
f 747/1605/1014 746/1602/1014 714/1528/1014
f 752/1615/1014 749/1608/1014 713/1527/1014
f 752/1615/1014 713/1527/1014 718/1538/1014
f 718/1538/1014 753/1618/1014 752/1615/1014
f 714/1529/974 746/1603/1011 745/1600/1011
f 715/1531/974 714/1529/974 745/1600/1011
f 698/1491/972 699/1495/972 737/1583/972
f 736/1579/972 698/1491/972 737/1583/972
f 743/1594/8 742/1592/8 675/1434/8
f 676/1436/8 743/1594/8 675/1434/8
f 738/1584/8 743/1594/8 676/1436/8
f 680/1445/8 738/1584/8 676/1436/8
f 675/1434/8 742/1592/8 678/1441/8
f 742/1592/8 686/1461/8 678/1441/8
f 738/1585/990 680/1446/990 733/1573/990
f 733/1573/990 680/1446/990 694/1483/991
f 730/1566/992 733/1573/990 694/1483/991
f 694/1483/991 697/1489/993 730/1566/992
f 697/1489/993 734/1575/994 730/1566/992
f 734/1575/994 697/1489/993 698/1492/995
f 736/1580/995 734/1575/994 698/1492/995
f 732/1571/996 686/1462/996 742/1593/996
f 733/1573/996 732/1571/996 742/1593/996
f 742/1593/996 743/1595/996 733/1573/996
f 743/1595/996 738/1585/996 733/1573/996
f 718/1539/975 717/1536/975 751/1614/1015
f 753/1619/1015 718/1539/975 751/1614/1015
f 751/1614/1015 750/1611/1016 753/1619/1015
f 750/1611/1016 752/1616/1016 753/1619/1015
f 752/1617/1016 750/1612/1016 748/1607/1012
f 749/1609/1012 752/1617/1016 748/1607/1012
f 754/1620/1017 755/1621/1018 756/1622/1019
f 757/1625/1019 754/1620/1017 756/1622/1019
f 758/1627/1020 754/1620/1017 757/1625/1019
f 759/1629/1019 758/1627/1020 757/1625/1019
f 756/1622/1019 755/1621/1018 760/1630/1019
f 755/1621/1018 761/1631/1021 760/1630/1019
f 760/1630/1019 761/1631/1021 762/1632/1019
f 761/1631/1021 763/1633/1022 762/1632/1019
f 762/1632/1019 763/1633/1022 764/1634/1019
f 763/1633/1022 765/1635/1023 764/1634/1019
f 764/1634/1019 765/1635/1023 766/1636/1019
f 765/1635/1023 767/1637/1024 766/1636/1019
f 756/1622/1019 760/1630/1019 768/1638/1019
f 769/1639/1019 756/1622/1019 768/1638/1019
f 769/1639/1019 768/1638/1019 770/1642/1025
f 771/1643/1026 769/1639/1019 770/1642/1025
f 770/1642/1025 768/1638/1019 772/1644/1027
f 768/1638/1019 773/1645/1019 772/1644/1027
f 760/1630/1019 762/1632/1019 773/1645/1019
f 768/1638/1019 760/1630/1019 773/1645/1019
f 774/1646/1019 769/1639/1019 771/1643/1026
f 775/1648/1028 774/1646/1019 771/1643/1026
f 776/1649/1019 774/1646/1019 775/1648/1028
f 777/1651/1029 776/1649/1019 775/1648/1028
f 762/1632/1019 764/1634/1019 778/1652/1019
f 773/1645/1019 762/1632/1019 778/1652/1019
f 773/1645/1019 778/1652/1019 779/1653/1030
f 772/1644/1027 773/1645/1019 779/1653/1030
f 779/1653/1030 778/1652/1019 780/1654/1031
f 778/1652/1019 781/1655/1019 780/1654/1031
f 1/2/1032 780/1654/1031 781/1655/1019
f 2/4/1019 1/2/1032 781/1655/1019
f 2/4/1019 781/1655/1019 766/1636/1019
f 8/15/1019 2/4/1019 766/1636/1019
f 764/1634/1019 766/1636/1019 781/1655/1019
f 778/1652/1019 764/1634/1019 781/1655/1019
f 780/1654/1031 782/1657/1033 779/1653/1030
f 782/1657/1033 783/1658/1034 779/1653/1030
f 779/1653/1030 783/1658/1034 772/1644/1027
f 783/1658/1034 784/1660/1035 772/1644/1027
f 772/1644/1027 784/1660/1035 770/1642/1025
f 784/1660/1035 785/1662/1036 770/1642/1025
f 770/1642/1025 785/1662/1036 771/1643/1026
f 785/1662/1036 786/1664/1037 771/1643/1026
f 771/1643/1026 786/1664/1037 775/1648/1028
f 786/1664/1037 787/1666/1038 775/1648/1028
f 775/1648/1028 787/1666/1038 777/1651/1029
f 787/1666/1038 788/1668/1039 777/1651/1029
f 8/15/1019 766/1636/1019 767/1637/1024
f 10/20/1040 8/15/1019 767/1637/1024
f 767/1637/1024 789/1670/1041 10/20/1040
f 790/1672/1042 789/1670/1041 767/1637/1024
f 765/1635/1023 790/1672/1042 767/1637/1024
f 791/1674/1043 790/1672/1042 765/1635/1023
f 763/1633/1022 791/1674/1043 765/1635/1023
f 792/1677/1044 791/1674/1043 763/1633/1022
f 761/1631/1021 792/1677/1044 763/1633/1022
f 789/1670/1041 9/17/1045 10/20/1040
f 788/1668/1039 793/1678/1046 777/1651/1029
f 793/1678/1046 794/1681/1047 777/1651/1029
f 794/1681/1047 793/1678/1046 69/140/1048
f 69/140/1048 68/137/1019 794/1681/1047
f 68/137/1019 795/1682/1019 794/1681/1047
f 793/1678/1046 70/141/1049 69/140/1048
f 795/1682/1019 776/1649/1019 794/1681/1047
f 776/1649/1019 777/1651/1029 794/1681/1047
f 769/1640/9 774/1647/9 796/1684/9
f 797/1686/9 769/1640/9 796/1684/9
f 798/1689/9 796/1684/9 774/1647/9
f 774/1647/9 776/1650/1050 798/1689/9
f 776/1650/1050 799/1690/9 798/1689/9
f 776/1650/1050 800/1692/1051 799/1690/9
f 796/1684/9 798/1689/9 801/1694/9
f 798/1689/9 802/1696/9 801/1694/9
f 802/1696/9 798/1689/9 799/1690/9
f 776/1650/1050 795/1683/1052 800/1692/1051
f 795/1683/1052 803/1698/1053 800/1692/1051
f 803/1698/1053 795/1683/1052 71/144/1054
f 795/1683/1052 68/138/1054 71/144/1054
f 756/1623/2 769/1641/2 797/1687/2
f 804/1700/2 756/1623/2 797/1687/2
f 66/133/1055 59/121/1056 805/1703/1057
f 806/1706/1058 66/133/1055 805/1703/1057
f 805/1703/1057 59/121/1056 807/1709/1059
f 59/121/1056 58/119/1060 807/1709/1059
f 67/135/1061 66/133/1055 806/1706/1058
f 808/1712/1062 67/135/1061 806/1706/1058
f 55/111/1063 67/135/1061 808/1712/1062
f 809/1715/1064 55/111/1063 808/1712/1062
f 807/1709/1059 58/119/1060 810/1718/1065
f 58/119/1060 63/126/1066 810/1718/1065
f 811/1721/1067 812/1724/1068 813/1727/1069
f 813/1727/1069 814/1729/1070 811/1721/1067
f 813/1727/1069 815/1731/1071 814/1729/1070
f 815/1731/1071 816/1734/1071 814/1729/1070
f 817/1735/1072 818/1737/1073 20/44/1074
f 24/53/1075 817/1735/1072 20/44/1074
f 20/44/1074 818/1737/1073 21/46/1076
f 818/1737/1073 819/1739/1077 21/46/1076
f 21/46/1076 819/1739/1077 25/55/1078
f 819/1739/1077 820/1741/1079 25/55/1078
f 820/1741/1079 821/1743/1080 25/55/1078
f 821/1743/1080 28/61/1081 25/55/1078
f 24/53/1075 74/152/1082 817/1735/1072
f 74/152/1082 822/1746/1083 817/1735/1072
f 823/1750/1084 824/1752/1085 39/79/1086
f 38/78/1087 823/1750/1084 39/79/1086
f 38/78/1087 45/91/1088 823/1750/1084
f 45/91/1088 825/1754/1089 823/1750/1084
f 39/79/1086 824/1752/1085 822/1747/1083
f 74/153/1082 39/79/1086 822/1747/1083
f 826/1759/1090 827/1760/1091 828/1762/1092
f 829/1764/1093 826/1759/1090 828/1762/1092
f 826/1759/1090 829/1764/1093 830/1768/1094
f 831/1769/1095 832/1771/1096 833/1773/1097
f 834/1776/1098 831/1769/1095 833/1773/1097
f 832/1771/1096 835/1779/1099 833/1773/1097
f 835/1779/1099 830/1766/1100 833/1773/1097
f 834/1776/1098 836/1783/1101 831/1769/1095
f 836/1783/1101 837/1786/1102 831/1769/1095
f 812/1725/1103 811/1722/1104 32/68/1105
f 29/64/1106 812/1725/1103 32/68/1105
f 32/68/1105 811/1722/1104 838/1790/1107
f 56/114/1108 32/68/1105 838/1790/1107
f 812/1725/1103 29/64/1106 28/62/1081
f 821/1744/1080 812/1725/1103 28/62/1081
f 52/106/1109 50/102/1110 839/1793/1111
f 840/1796/1112 52/106/1109 839/1793/1111
f 839/1793/1111 50/102/1110 841/1797/1110
f 50/102/1110 48/98/1111 841/1797/1110
f 841/1797/1110 48/98/1111 842/1799/1113
f 48/98/1111 47/96/1114 842/1799/1113
f 842/1799/1113 47/96/1114 843/1801/1114
f 47/96/1114 41/84/1113 843/1801/1114
f 843/1801/1114 41/84/1113 844/1803/8
f 41/84/1113 42/86/8 844/1803/8
f 844/1803/8 42/86/8 845/1805/1115
f 42/86/8 44/90/1116 845/1805/1115
f 44/90/1116 55/112/1063 845/1805/1115
f 55/112/1063 809/1716/1064 845/1805/1115
f 35/73/9 34/71/1117 846/1807/1118
f 847/1809/9 35/73/9 846/1807/1118
f 65/131/1119 35/73/9 847/1809/9
f 848/1811/1120 65/131/1119 847/1809/9
f 846/1807/1118 34/71/1117 849/1813/1117
f 34/71/1117 23/51/1118 849/1813/1117
f 849/1813/1117 23/51/1118 850/1815/1121
f 23/51/1118 19/42/1122 850/1815/1121
f 850/1815/1121 19/42/1122 851/1817/1123
f 19/42/1122 22/47/1123 851/1817/1123
f 848/1811/1120 810/1719/1065 65/131/1119
f 810/1719/1065 63/127/1066 65/131/1119
f 852/1820/1124 853/1822/1125 854/1823/1126
f 855/1825/3 852/1820/1124 854/1823/1126
f 856/1828/1127 852/1820/1124 855/1825/3
f 857/1829/3 856/1828/1127 855/1825/3
f 858/1831/1128 856/1828/1127 857/1829/3
f 859/1833/3 858/1831/1128 857/1829/3
f 860/1835/1129 858/1831/1128 859/1833/3
f 861/1837/3 860/1835/1129 859/1833/3
f 862/1839/1130 860/1835/1129 861/1837/3
f 863/1841/3 862/1839/1130 861/1837/3
f 864/1843/1131 862/1839/1130 863/1841/3
f 865/1845/3 864/1843/1131 863/1841/3
f 866/1847/1132 864/1843/1131 865/1845/3
f 6/11/3 866/1847/1132 865/1845/3
f 867/1848/1133 866/1847/1132 6/11/3
f 3/5/3 867/1848/1133 6/11/3
f 868/1849/1134 867/1848/1133 3/5/3
f 7/13/1135 868/1849/1134 3/5/3
f 869/1850/1136 868/1849/1134 7/13/1135
f 12/23/1137 869/1850/1136 7/13/1135
f 870/1851/1138 869/1850/1136 12/23/1137
f 871/1852/1139 870/1851/1138 12/23/1137
f 872/1854/1140 870/1851/1138 871/1852/1139
f 873/1855/3 872/1854/1140 871/1852/1139
f 874/1857/1141 872/1854/1140 873/1855/3
f 875/1858/3 874/1857/1141 873/1855/3
f 876/1860/1142 874/1857/1141 875/1858/3
f 877/1861/3 876/1860/1142 875/1858/3
f 878/1863/1143 876/1860/1142 877/1861/3
f 879/1864/3 878/1863/1143 877/1861/3
f 880/1866/1144 878/1863/1143 879/1864/3
f 881/1867/3 880/1866/1144 879/1864/3
f 882/1869/1145 880/1866/1144 881/1867/3
f 883/1870/3 882/1869/1145 881/1867/3
f 882/1869/1145 884/1872/1146 880/1866/1144
f 884/1872/1146 885/1874/1147 880/1866/1144
f 880/1866/1144 885/1874/1147 878/1863/1143
f 876/1860/1142 886/1876/1148 874/1857/1141
f 886/1876/1148 887/1878/1149 874/1857/1141
f 874/1857/1141 887/1878/1149 872/1854/1140
f 887/1878/1149 888/1880/1150 872/1854/1140
f 889/1882/1151 886/1876/1148 876/1860/1142
f 878/1863/1143 889/1882/1151 876/1860/1142
f 885/1874/1147 889/1882/1151 878/1863/1143
f 884/1872/1146 882/1869/1145 890/1884/1152
f 891/1886/1153 884/1872/1146 890/1884/1152
f 882/1869/1145 883/1870/3 892/1889/3
f 890/1884/1152 882/1869/1145 892/1889/3
f 893/1892/1154 890/1884/1152 892/1889/3
f 18/38/1155 893/1892/1154 892/1889/3
f 888/1880/1150 894/1895/1156 870/1851/1138
f 870/1851/1138 894/1895/1156 869/1850/1136
f 894/1895/1156 895/1898/1157 869/1850/1136
f 869/1850/1136 895/1898/1157 868/1849/1134
f 895/1898/1157 896/1899/1158 868/1849/1134
f 868/1849/1134 896/1899/1158 867/1848/1133
f 896/1899/1158 897/1900/1159 867/1848/1133
f 872/1854/1140 888/1880/1150 870/1851/1138
f 867/1848/1133 897/1900/1159 866/1847/1132
f 897/1900/1159 898/1901/1160 866/1847/1132
f 866/1847/1132 898/1901/1160 864/1843/1131
f 898/1901/1160 899/1903/1161 864/1843/1131
f 14/28/1162 900/1905/1163 901/1907/1164
f 15/31/1162 14/28/1162 901/1907/1164
f 901/1907/1164 900/1905/1163 759/1628/1165
f 902/1909/1166 901/1907/1164 759/1628/1165
f 903/1911/8 902/1909/1166 759/1628/1165
f 904/1913/8 903/1911/8 759/1628/1165
f 904/1913/8 759/1628/1165 757/1626/8
f 757/1626/8 905/1914/8 904/1913/8
f 905/1914/8 757/1626/8 804/1701/8
f 757/1626/8 756/1624/8 804/1701/8
f 903/1911/8 904/1913/8 906/1916/8
f 906/1916/8 904/1913/8 905/1914/8
f 907/1918/8 906/1916/8 905/1914/8
f 13/26/1167 908/1920/1168 900/1906/1019
f 14/29/1019 13/26/1167 900/1906/1019
f 13/26/1167 16/35/1169 908/1920/1168
f 16/35/1169 909/1921/1170 908/1920/1168
f 909/1921/1170 910/1924/1171 908/1920/1168
f 910/1924/1171 758/1627/1020 908/1920/1168
f 908/1920/1168 758/1627/1020 900/1906/1019
f 758/1627/1020 910/1924/1171 754/1620/1017
f 910/1924/1171 911/1927/1172 754/1620/1017
f 754/1620/1017 911/1927/1172 755/1621/1018
f 758/1627/1020 759/1629/1019 900/1906/1019
f 912/1928/1173 913/1929/1174 914/1930/1175
f 840/1795/1019 912/1928/1173 914/1930/1175
f 914/1930/1175 913/1929/1174 915/1933/1019
f 913/1929/1174 916/1935/1176 915/1933/1019
f 915/1933/1019 916/1935/1176 917/1936/1175
f 916/1935/1176 918/1938/1176 917/1936/1175
f 917/1936/1175 918/1938/1176 919/1939/1019
f 918/1938/1176 920/1942/1177 919/1939/1019
f 919/1939/1019 920/1942/1177 921/1945/1019
f 920/1942/1177 922/1946/1178 921/1945/1019
f 921/1945/1019 922/1946/1178 851/1819/1019
f 922/1946/1178 923/1949/1179 851/1819/1019
f 851/1819/1019 923/1949/1179 850/1816/1019
f 923/1949/1179 924/1950/1180 850/1816/1019
f 850/1816/1019 924/1950/1180 849/1814/1019
f 924/1950/1180 925/1952/1181 849/1814/1019
f 926/1954/1182 912/1928/1173 840/1795/1019
f 839/1794/1019 926/1954/1182 840/1795/1019
f 927/1955/1183 926/1954/1182 839/1794/1019
f 841/1798/1019 927/1955/1183 839/1794/1019
f 928/1956/1184 927/1955/1183 841/1798/1019
f 842/1800/1019 928/1956/1184 841/1798/1019
f 929/1957/1185 928/1956/1184 842/1800/1019
f 843/1802/1019 929/1957/1185 842/1800/1019
f 930/1958/1186 929/1957/1185 843/1802/1019
f 844/1804/1019 930/1958/1186 843/1802/1019
f 931/1959/1187 930/1958/1186 844/1804/1019
f 845/1806/1188 931/1959/1187 844/1804/1019
f 849/1814/1019 925/1952/1181 846/1808/1019
f 925/1952/1181 932/1961/1189 846/1808/1019
f 846/1808/1019 932/1961/1189 847/1810/1019
f 932/1961/1189 933/1962/1190 847/1810/1019
f 847/1810/1019 933/1962/1190 848/1812/1019
f 933/1962/1190 934/1964/1191 848/1812/1019
f 928/1956/1184 935/1967/1192 927/1955/1183
f 930/1958/1186 936/1968/1193 929/1957/1185
f 936/1968/1193 937/1970/1194 929/1957/1185
f 938/1972/1195 936/1968/1193 930/1958/1186
f 931/1959/1187 938/1972/1195 930/1958/1186
f 937/1970/1194 935/1967/1192 928/1956/1184
f 929/1957/1185 937/1970/1194 928/1956/1184
f 938/1972/1195 931/1959/1187 939/1974/1196
f 940/1975/1197 938/1972/1195 939/1974/1196
f 941/1978/1198 940/1975/1197 939/1974/1196
f 942/1981/1199 941/1978/1198 939/1974/1196
f 942/1981/1199 939/1974/1196 809/1717/1200
f 808/1713/1201 942/1981/1199 809/1717/1200
f 939/1974/1196 931/1959/1187 809/1717/1200
f 931/1959/1187 845/1806/1188 809/1717/1200
f 848/1812/1019 934/1964/1191 943/1983/1202
f 810/1720/1019 848/1812/1019 943/1983/1202
f 810/1720/1019 943/1983/1202 807/1710/1203
f 943/1983/1202 944/1984/1204 807/1710/1203
f 943/1983/1202 945/1986/1205 944/1984/1204
f 945/1986/1205 946/1989/1206 944/1984/1204
f 944/1984/1204 946/1989/1206 947/1991/1207
f 946/1989/1206 948/1993/1208 947/1991/1207
f 947/1991/1207 948/1993/1208 949/1995/1209
f 947/1991/1207 949/1995/1209 806/1707/1210
f 805/1704/1211 947/1991/1207 806/1707/1210
f 948/1993/1208 950/1997/1212 949/1995/1209
f 945/1986/1205 943/1983/1202 934/1964/1191
f 951/2000/1213 945/1986/1205 934/1964/1191
f 952/2002/1214 953/2004/1215 954/2007/1216
f 955/2008/1217 952/2002/1214 954/2007/1216
f 954/2007/1216 953/2004/1215 837/1789/1218
f 956/2010/1219 957/2012/1220 46/94/1221
f 49/100/1222 956/2010/1219 46/94/1221
f 958/2014/1223 956/2010/1219 49/100/1222
f 51/104/1224 958/2014/1223 49/100/1222
f 959/2016/1225 958/2014/1223 51/104/1224
f 53/108/1226 959/2016/1225 51/104/1224
f 53/108/1226 56/115/1108 959/2016/1225
f 56/115/1108 838/1791/1107 959/2016/1225
f 46/94/1221 957/2012/1220 825/1755/1089
f 45/92/1088 46/94/1221 825/1755/1089
f 30/65/1227 31/66/1227 915/1934/1227
f 917/1937/1227 30/65/1227 915/1934/1227
f 915/1934/1227 31/66/1227 914/1931/1228
f 31/66/1227 57/116/1229 914/1931/1228
f 27/58/1230 30/65/1227 917/1937/1227
f 919/1940/1231 27/58/1230 917/1937/1227
f 800/1693/1232 902/1910/1233 903/1912/1234
f 799/1691/1234 800/1693/1232 903/1912/1234
f 799/1691/1234 903/1912/1234 906/1917/1235
f 802/1697/1235 799/1691/1234 906/1917/1235
f 800/1693/1232 803/1699/1236 902/1910/1233
f 803/1699/1236 901/1908/1237 902/1910/1233
f 15/32/1238 901/1908/1237 803/1699/1236
f 71/145/1239 15/32/1238 803/1699/1236
f 907/1919/1240 905/1915/1241 796/1685/1241
f 801/1695/1240 907/1919/1240 796/1685/1241
f 796/1685/1241 905/1915/1241 797/1688/1019
f 905/1915/1241 804/1702/1019 797/1688/1019
f 57/117/1229 52/106/1109 840/1796/1112
f 914/1932/1228 57/117/1229 840/1796/1112
f 960/2018/1242 961/2021/1243 26/57/1244
f 921/1943/1245 960/2018/1242 26/57/1244
f 962/2023/1246 963/2024/1247 873/1856/1248
f 871/1853/1249 962/2023/1246 873/1856/1248
f 873/1856/1248 963/2024/1247 875/1859/1248
f 963/2024/1247 964/2025/1250 875/1859/1248
f 875/1859/1248 964/2025/1250 877/1862/1251
f 964/2025/1250 965/2026/1252 877/1862/1251
f 877/1862/1251 965/2026/1252 879/1865/1251
f 965/2026/1252 966/2027/1253 879/1865/1251
f 879/1865/1251 966/2027/1253 881/1868/9
f 966/2027/1253 967/2028/1254 881/1868/9
f 881/1868/9 967/2028/1254 883/1871/1255
f 967/2028/1254 968/2029/1256 883/1871/1255
f 963/2024/1247 962/2023/1246 790/1673/1042
f 962/2023/1246 789/1671/1041 790/1673/1042
f 963/2024/1247 790/1673/1042 791/1675/1043
f 964/2025/1250 963/2024/1247 791/1675/1043
f 964/2025/1250 791/1675/1043 792/1676/1044
f 965/2026/1252 964/2025/1250 792/1676/1044
f 965/2026/1252 792/1676/1044 969/2030/1257
f 966/2027/1253 965/2026/1252 969/2030/1257
f 968/2029/1256 967/2028/1254 910/1925/1171
f 967/2028/1254 911/1926/1172 910/1925/1171
f 966/2027/1253 969/2030/1257 911/1926/1172
f 967/2028/1254 966/2027/1253 911/1926/1172
f 968/2029/1256 910/1925/1171 909/1922/1170
f 970/2032/1258 968/2029/1256 909/1922/1170
f 968/2029/1256 970/2032/1258 883/1871/1255
f 970/2032/1258 892/1890/1259 883/1871/1255
f 971/2034/1260 5/10/1261 6/12/1262
f 865/1846/1263 971/2034/1260 6/12/1262
f 5/10/1261 971/2034/1260 4/7/1264
f 11/22/1265 962/2023/1246 871/1853/1249
f 12/24/1266 11/22/1265 871/1853/1249
f 962/2023/1246 11/22/1265 789/1671/1041
f 11/22/1265 9/18/1045 789/1671/1041
f 72/148/1267 972/2035/1268 973/2037/1269
f 73/149/1270 72/148/1267 973/2037/1269
f 972/2035/1268 72/148/1267 793/1679/1046
f 72/148/1267 70/142/1049 793/1679/1046
f 974/2040/1271 975/2041/1272 859/1834/1273
f 857/1830/1273 974/2040/1271 859/1834/1273
f 859/1834/1273 975/2041/1272 861/1838/1274
f 975/2041/1272 976/2042/1275 861/1838/1274
f 861/1838/1274 976/2042/1275 863/1842/1274
f 976/2042/1275 977/2043/1276 863/1842/1274
f 978/2044/1277 974/2040/1271 857/1830/1273
f 855/1826/8 978/2044/1277 857/1830/1273
f 979/2045/1278 978/2044/1277 855/1826/8
f 854/1824/1279 979/2045/1278 855/1826/8
f 976/2042/1275 975/2041/1272 784/1661/1035
f 975/2041/1272 785/1663/1036 784/1661/1035
f 975/2041/1272 974/2040/1271 785/1663/1036
f 974/2040/1271 786/1665/1037 785/1663/1036
f 974/2040/1271 978/2044/1277 786/1665/1037
f 978/2044/1277 787/1667/1038 786/1665/1037
f 978/2044/1277 979/2045/1278 787/1667/1038
f 863/1842/1274 977/2043/1276 865/1846/1263
f 977/2043/1276 971/2034/1260 865/1846/1263
f 979/2045/1278 788/1669/1039 787/1667/1038
f 26/56/1244 27/59/1230 919/1941/1231
f 921/1944/1245 26/56/1244 919/1941/1231
f 959/2017/1280 814/1730/1070 816/1733/1281
f 816/1733/1281 980/2046/1282 959/2017/1280
f 980/2046/1282 958/2015/1283 959/2017/1280
f 958/2015/1283 980/2046/1282 956/2011/1284
f 980/2046/1282 981/2048/1285 956/2011/1284
f 957/2013/1286 956/2011/1284 981/2048/1285
f 981/2048/1285 982/2050/1287 957/2013/1286
f 982/2050/1287 983/2054/1288 957/2013/1286
f 838/1792/1289 814/1730/1070 959/2017/1280
f 824/1753/1290 823/1751/1291 983/2053/1288
f 983/2053/1288 984/2056/1292 824/1753/1290
f 983/2053/1288 982/2051/1293 984/2056/1292
f 982/2051/1293 985/2057/1294 984/2056/1292
f 986/2060/1295 987/2063/1296 988/2066/1297
f 989/2069/1298 986/2060/1295 988/2066/1297
f 990/2072/1299 991/2074/1300 73/150/1301
f 973/2038/1302 990/2072/1299 73/150/1301
f 973/2038/1302 854/1823/1126 990/2072/1299
f 854/1823/1126 853/1822/1125 990/2072/1299
f 990/2072/1299 853/1822/1125 992/2077/1303
f 853/1822/1125 993/2080/1304 992/2077/1303
f 994/2082/1305 993/2080/1304 853/1822/1125
f 852/1820/1124 994/2082/1305 853/1822/1125
f 995/2084/1306 996/2085/1307 997/2086/1308
f 998/2087/1309 995/2084/1306 997/2086/1308
f 996/2085/1307 995/2084/1306 999/2088/1310
f 1000/2090/1311 996/2085/1307 999/2088/1310
f 996/2085/1307 1001/2092/1312 997/2086/1308
f 1001/2092/1312 1002/2093/1313 997/2086/1308
f 1001/2092/1312 953/2005/1215 1002/2093/1313
f 953/2005/1215 952/2003/1214 1002/2093/1313
f 1003/2094/1314 1004/2095/1315 1005/2096/1316
f 1005/2096/1316 1006/2097/1316 1003/2094/1314
f 1006/2097/1316 1007/2099/1317 1003/2094/1314
f 1004/2095/1315 1003/2094/1314 834/1777/1318
f 1003/2094/1314 836/1784/1319 834/1777/1318
f 1003/2094/1314 1007/2099/1317 954/2006/1216
f 836/1784/1319 1003/2094/1314 954/2006/1216
f 970/2033/1258 17/37/1320 18/39/1321
f 892/1891/1259 970/2033/1258 18/39/1321
f 17/37/1320 970/2033/1258 16/36/1169
f 970/2033/1258 909/1923/1170 16/36/1169
f 1008/2101/1322 1009/2102/1323 895/1897/1157
f 894/1896/1156 1008/2101/1322 895/1897/1157
f 1010/2105/1324 935/1966/1192 1011/2108/1325
f 1012/2109/1326 1010/2105/1324 1011/2108/1325
f 1011/2108/1325 935/1966/1192 1013/2110/1327
f 935/1966/1192 937/1971/1194 1013/2110/1327
f 1013/2110/1327 937/1971/1194 994/2083/1305
f 937/1971/1194 936/1969/1193 994/2083/1305
f 1014/2112/1328 1010/2105/1324 1012/2109/1326
f 1015/2114/1329 1014/2112/1328 1012/2109/1326
f 1016/2115/1330 1014/2112/1328 1015/2114/1329
f 899/1904/1161 1016/2115/1330 1015/2114/1329
f 994/2083/1305 936/1969/1193 993/2081/1304
f 936/1969/1193 938/1973/1195 993/2081/1304
f 993/2081/1304 938/1973/1195 940/1976/1197
f 992/2078/1303 993/2081/1304 940/1976/1197
f 1017/2117/1331 951/2001/1213 934/1965/1191
f 933/1963/1190 1017/2117/1331 934/1965/1191
f 1018/2118/1332 1017/2117/1331 933/1963/1190
f 932/1960/1189 1018/2118/1332 933/1963/1190
f 1019/2121/1333 1020/2122/1334 888/1881/1150
f 887/1879/1149 1019/2121/1333 888/1881/1150
f 1021/2125/1335 1019/2121/1333 887/1879/1149
f 886/1877/1148 1021/2125/1335 887/1879/1149
f 1018/2118/1332 1021/2125/1335 886/1877/1148
f 889/1883/1151 1018/2118/1332 886/1877/1148
f 1017/2117/1331 1018/2118/1332 889/1883/1151
f 885/1875/1147 1017/2117/1331 889/1883/1151
f 888/1881/1150 1020/2122/1334 894/1896/1156
f 1020/2122/1334 1008/2101/1322 894/1896/1156
f 951/2001/1213 1017/2117/1331 885/1875/1147
f 884/1873/1146 951/2001/1213 885/1875/1147
f 951/2001/1213 884/1873/1146 891/1887/1153
f 945/1987/1205 951/2001/1213 891/1887/1153
f 941/1979/1198 950/1998/1212 1022/2126/1336
f 1023/2127/1337 941/1979/1198 1022/2126/1336
f 1022/2126/1336 950/1998/1212 1024/2128/1338
f 950/1998/1212 948/1994/1208 1024/2128/1338
f 1024/2128/1338 948/1994/1208 1025/2129/1339
f 948/1994/1208 946/1990/1206 1025/2129/1339
f 1024/2128/1338 1025/2129/1339 893/1894/1154
f 940/1977/1197 941/1979/1198 1023/2127/1337
f 992/2079/1303 940/1977/1197 1023/2127/1337
f 1026/2130/1340 1027/2132/1341 897/1900/1159
f 896/1899/1158 1026/2130/1340 897/1900/1159
f 897/1900/1159 1027/2132/1341 898/1901/1160
f 1027/2132/1341 1028/2134/1342 898/1901/1160
f 1009/2103/1323 1026/2130/1340 896/1899/1158
f 895/1898/1157 1009/2103/1323 896/1899/1158
f 949/1996/1209 942/1982/1199 808/1714/1201
f 806/1708/1210 949/1996/1209 808/1714/1201
f 949/1996/1209 950/1999/1212 942/1982/1199
f 950/1999/1212 941/1980/1198 942/1982/1199
f 1029/2137/1343 893/1893/1154 18/40/1155
f 15/33/1344 1029/2137/1343 18/40/1155
f 1030/2140/1345 1029/2138/1343 15/34/1344
f 71/146/1346 1030/2140/1345 15/34/1344
f 1028/2135/1342 1016/2115/1330 899/1904/1161
f 898/1902/1160 1028/2135/1342 899/1904/1161
f 946/1990/1206 945/1988/1205 891/1888/1153
f 1025/2129/1339 946/1990/1206 891/1888/1153
f 991/2075/1300 1030/2141/1345 71/147/1346
f 73/151/1301 991/2075/1300 71/147/1346
f 944/1985/1204 947/1992/1207 805/1705/1211
f 807/1711/1203 944/1985/1204 805/1705/1211
f 1028/2136/1342 1027/2133/1341 916/1935/1176
f 913/1929/1174 1028/2136/1342 916/1935/1176
f 916/1935/1176 1027/2133/1341 918/1938/1176
f 1027/2133/1341 1026/2131/1340 918/1938/1176
f 918/1938/1176 1026/2131/1340 920/1942/1177
f 1026/2131/1340 1009/2104/1323 920/1942/1177
f 1016/2116/1330 1028/2136/1342 913/1929/1174
f 912/1928/1173 1016/2116/1330 913/1929/1174
f 920/1942/1177 1009/2104/1323 922/1946/1178
f 1009/2104/1323 1008/2100/1322 922/1946/1178
f 1014/2113/1328 1016/2116/1330 912/1928/1173
f 926/1954/1182 1014/2113/1328 912/1928/1173
f 1010/2106/1324 1014/2113/1328 926/1954/1182
f 927/1955/1183 1010/2106/1324 926/1954/1182
f 935/1967/1192 1010/2106/1324 927/1955/1183
f 1013/2110/1327 994/2083/1305 852/1821/1124
f 856/1827/1127 1013/2110/1327 852/1821/1124
f 1025/2129/1339 891/1888/1153 890/1885/1152
f 893/1894/1154 1025/2129/1339 890/1885/1152
f 1029/2139/1343 1024/2128/1338 893/1894/1154
f 1022/2126/1336 1024/2128/1338 1029/2139/1343
f 1030/2142/1345 1022/2126/1336 1029/2139/1343
f 1023/2127/1337 1022/2126/1336 1030/2142/1345
f 991/2076/1300 1023/2127/1337 1030/2142/1345
f 992/2079/1303 1023/2127/1337 991/2076/1300
f 990/2073/1299 992/2079/1303 991/2076/1300
f 1011/2107/1325 1013/2111/1327 856/1828/1127
f 858/1831/1128 1011/2107/1325 856/1828/1127
f 1021/2124/1335 1018/2119/1332 932/1961/1189
f 925/1952/1181 1021/2124/1335 932/1961/1189
f 1012/2109/1326 1011/2108/1325 858/1832/1128
f 860/1836/1129 1012/2109/1326 858/1832/1128
f 1015/2114/1329 1012/2109/1326 860/1836/1129
f 862/1840/1130 1015/2114/1329 860/1836/1129
f 899/1904/1161 1015/2114/1329 862/1840/1130
f 864/1844/1131 899/1904/1161 862/1840/1130
f 1008/2101/1322 1020/2122/1334 923/1948/1179
f 922/1947/1178 1008/2101/1322 923/1948/1179
f 1020/2123/1334 1019/2120/1333 924/1950/1180
f 923/1949/1179 1020/2123/1334 924/1950/1180
f 1019/2121/1333 1021/2125/1335 925/1953/1181
f 924/1951/1180 1019/2121/1333 925/1953/1181
f 976/2042/1275 784/1661/1035 783/1659/1034
f 977/2043/1276 976/2042/1275 783/1659/1034
f 977/2043/1276 783/1659/1034 782/1656/1033
f 971/2034/1260 977/2043/1276 782/1656/1033
f 971/2034/1260 782/1656/1033 4/7/1264
f 4/8/1264 782/1657/1033 780/1654/1031
f 1/2/1032 4/8/1264 780/1654/1031
f 1031/2143/1347 36/74/1348 64/129/1349
f 64/129/1349 1032/2145/1349 1031/2143/1347
f 1033/2146/1350 1034/2147/1351 1035/2148/1352
f 985/2058/3 982/2052/3 981/2049/3
f 1036/2150/3 985/2058/3 981/2049/3
f 1036/2150/3 981/2049/3 980/2047/3
f 1037/2152/3 1036/2150/3 980/2047/3
f 1037/2152/3 980/2047/3 816/1734/3
f 815/1731/3 1037/2152/3 816/1734/3
f 1036/2151/1353 1037/2153/1354 819/1740/1355
f 818/1738/1356 1036/2151/1353 819/1740/1355
f 1036/2151/1353 818/1738/1356 817/1736/1357
f 817/1736/1357 985/2059/1358 1036/2151/1353
f 817/1736/1357 984/2055/1292 985/2059/1358
f 820/1742/1359 819/1740/1355 1037/2153/1354
f 820/1742/1359 1037/2153/1354 815/1732/1360
f 815/1732/1360 813/1728/1069 820/1742/1359
f 820/1742/1359 813/1728/1069 821/1745/1361
f 1038/2154/1362 1039/2155/1363 833/1774/1364
f 830/1767/1094 1038/2154/1362 833/1774/1364
f 1038/2154/1362 830/1767/1094 829/1765/1093
f 1035/2149/1365 1038/2154/1362 829/1765/1093
f 1040/2157/1366 1038/2154/1362 1035/2149/1365
f 1040/2157/1366 1039/2155/1363 1038/2154/1362
f 1035/2149/1365 1041/2158/1366 1040/2157/1366
f 1042/2159/1367 1043/2160/1368 1044/2161/1368
f 1044/2161/1369 1004/2095/1370 1043/2160/1371
f 1004/2095/1370 1044/2161/1369 62/124/1368
f 1045/2162/1370 1046/2163/1367 1047/2164/1368
f 43/88/1372 40/80/1373 1048/2166/1374
f 1048/2166/1374 1007/2098/1372 43/88/1372
f 1049/2168/1351 1050/2169/1372 1051/2170/1372
f 1052/2171/1375 1053/2173/1376 955/2009/1217
f 1048/2167/1374 1052/2171/1375 955/2009/1217
f 1052/2171/1375 1048/2167/1374 40/81/1373
f 1054/2174/1377 1052/2171/1375 40/81/1373
f 1053/2173/1376 1052/2171/1375 988/2067/1378
f 1052/2171/1375 1054/2174/1379 988/2067/1378
f 952/2003/1214 955/2009/1217 1053/2173/1376
f 1055/2176/1380 1031/2144/1347 828/1763/1092
f 1056/2178/1381 1055/2176/1380 828/1763/1092
f 1055/2176/1380 1056/2178/1381 989/2070/1382
f 1057/2179/1383 1055/2176/1380 989/2070/1382
f 1031/2144/1347 1055/2176/1380 36/75/1348
f 1055/2176/1380 1057/2179/1384 36/75/1348
f 1058/2181/1385 835/1780/1386 832/1772/1387
f 999/2089/1310 1058/2181/1385 832/1772/1387
f 1058/2182/1385 999/2088/1310 995/2084/1306
f 1059/2183/1388 1058/2182/1385 995/2084/1306
f 1058/2182/1385 1059/2183/1388 826/1758/1090
f 835/1781/1386 1058/2182/1385 826/1758/1090
f 1060/2184/1389 1000/2091/1311 831/1770/1390
f 837/1787/1218 1060/2184/1389 831/1770/1390
f 1060/2185/1389 837/1788/1218 953/2005/1215
f 1001/2092/1312 1060/2185/1389 953/2005/1215
f 1060/2185/1389 1001/2092/1312 996/2085/1307
f 1000/2090/1311 1060/2185/1389 996/2085/1307
f 1061/2186/1391 1002/2093/1313 952/2003/1214
f 1062/2188/1392 1061/2186/1391 952/2003/1214
f 1061/2186/1391 1062/2188/1392 987/2064/1393
f 1063/2189/1394 1061/2186/1391 987/2064/1393
f 1061/2186/1391 1063/2189/1394 997/2086/1308
f 1002/2093/1313 1061/2186/1391 997/2086/1308
f 997/2086/1308 1063/2189/1394 998/2087/1309
f 1063/2189/1394 1064/2190/1395 998/2087/1309
f 1064/2190/1395 1065/2191/1396 998/2087/1309
f 1065/2191/1396 1066/2192/1397 998/2087/1309
f 1066/2192/1397 1065/2191/1396 827/1761/1091
f 1065/2191/1396 1067/2194/1398 827/1761/1091
f 1065/2191/1396 1064/2190/1395 986/2061/1399
f 1067/2194/1398 1065/2191/1396 986/2061/1399
f 995/2084/1306 998/2087/1309 1066/2192/1397
f 834/1778/1318 833/1775/1364 1039/2156/1363
f 1047/2165/1400 834/1778/1318 1039/2156/1363
f 1007/2099/1317 1048/2167/1374 955/2009/1217
f 954/2006/1216 1007/2099/1317 955/2009/1217
f 829/1765/1093 828/1763/1092 1031/2144/1347
f 1035/2149/1365 829/1765/1093 1031/2144/1347
f 828/1763/1092 827/1761/1091 1067/2194/1398
f 1059/2183/1388 1066/2192/1397 827/1761/1091
f 826/1758/1090 1059/2183/1388 827/1761/1091
f 1059/2183/1388 995/2084/1306 1066/2192/1397
f 1054/2174/1379 1057/2179/1383 989/2070/1382
f 988/2067/1378 1054/2174/1379 989/2070/1382
f 40/82/1373 36/76/1348 1057/2180/1384
f 1054/2175/1377 40/82/1373 1057/2180/1384
f 1000/2091/1311 999/2089/1310 832/1772/1387
f 831/1770/1390 1000/2091/1311 832/1772/1387
f 987/2064/1393 986/2061/1399 1064/2190/1395
f 1063/2189/1394 987/2064/1393 1064/2190/1395
f 835/1782/1386 826/1759/1090 830/1768/1094
f 1056/2177/1401 1067/2193/1401 986/2062/1295
f 989/2071/1298 1056/2177/1401 986/2062/1295
f 1056/2178/1381 828/1763/1092 1067/2194/1398
f 1062/2187/1402 1053/2172/1402 988/2068/1297
f 987/2065/1296 1062/2187/1402 988/2068/1297
f 1062/2188/1392 952/2003/1214 1053/2173/1376
f 836/1785/1319 954/2007/1216 837/1789/1218
f 969/2031/1257 792/1677/1044 761/1631/1021
f 755/1621/1018 969/2031/1257 761/1631/1021
f 911/1927/1172 969/2031/1257 755/1621/1018
f 972/2036/1268 793/1680/1046 788/1669/1039
f 979/2045/1278 972/2036/1268 788/1669/1039
f 801/1695/1403 802/1697/1235 906/1917/1235
f 907/1919/1403 801/1695/1403 906/1917/1235
f 1068/2195/1404 1069/2197/1405 851/1818/1406
f 22/48/1406 1068/2195/1404 851/1818/1406
f 1068/2195/1404 1070/2199/1407 1069/2197/1405
f 1070/2199/1407 1071/2202/1407 1069/2197/1405
f 1072/2205/3 1073/2207/3 1074/2209/1408
f 1074/2209/1408 1075/2210/1409 1072/2205/3
f 1074/2209/1408 1076/2211/1410 1075/2210/1409
f 1076/2211/1410 1077/2213/1411 1075/2210/1409
f 26/57/1412 1075/2210/1409 1077/2213/1411
f 26/57/1412 961/2021/1413 1075/2210/1409
f 1078/2216/3 1075/2210/1409 961/2021/1413
f 1072/2205/3 1075/2210/1409 1078/2216/3
f 1070/2200/3 1074/2209/1408 1073/2207/3
f 1068/2196/1414 1074/2209/1408 1070/2200/3
f 1079/2218/1415 1080/2220/1019 1081/2222/1019
f 1081/2222/1019 1071/2203/1019 1079/2218/1415
f 1081/2222/1019 960/2019/1019 1071/2203/1019
f 960/2019/1019 1069/2198/1019 1071/2203/1019
f 960/2019/1019 921/1945/1019 1069/2198/1019
f 921/1945/1019 851/1819/1019 1069/2198/1019
f 1082/2224/1 1083/2226/1 1076/2211/1416
f 1084/2228/1417 1082/2224/1 1076/2211/1416
f 22/49/1418 26/57/1412 1085/2230/1419
f 1084/2228/1417 22/49/1418 1085/2230/1419
f 1077/2213/1411 1085/2230/1419 26/57/1412
f 1086/2233/3 1083/2226/3 1082/2224/3
f 1087/2236/3 1086/2233/3 1082/2224/3
f 1083/2227/8 1086/2234/8 1077/2214/8
f 1076/2212/8 1083/2227/8 1077/2214/8
f 1086/2235/1420 1087/2237/1420 1085/2231/1419
f 1077/2215/1411 1086/2235/1420 1085/2231/1419
f 1087/2238/9 1082/2225/9 1084/2229/1417
f 1085/2232/1419 1087/2238/9 1084/2229/1417
f 1081/2223/1421 1078/2217/1421 961/2022/1243
f 960/2020/1242 1081/2223/1421 961/2022/1243
f 1080/2221/1422 1072/2206/1422 1078/2217/1421
f 1081/2223/1421 1080/2221/1422 1078/2217/1421
f 1073/2208/1423 1072/2206/1422 1080/2221/1422
f 1079/2219/1423 1073/2208/1423 1080/2221/1422
f 1073/2208/1423 1079/2219/1423 1071/2204/1407
f 1070/2201/1407 1073/2208/1423 1071/2204/1407
f 811/1723/1067 814/1730/1070 838/1792/1289
f 821/1745/1361 813/1728/1069 812/1726/1068
f 822/1748/1424 984/2055/1292 817/1736/1357
f 824/1753/1290 984/2056/1292 822/1749/1424
f 825/1756/1425 983/2053/1288 823/1751/1291
f 957/2013/1286 983/2054/1288 825/1757/1425
f 979/2045/1278 854/1824/1279 973/2039/1269
f 972/2036/1268 979/2045/1278 973/2039/1269
f 1088/2239/8 1089/2241/8 1090/2244/8
f 1090/2244/8 1091/2246/8 1088/2239/8
f 1090/2244/8 1092/2248/8 1091/2246/8
f 1091/2246/8 1093/2250/8 1088/2239/8
f 1093/2250/8 1094/2253/8 1088/2239/8
f 1095/2256/1426 1096/2258/1427 1089/2242/1427
f 1088/2240/1426 1095/2256/1426 1089/2242/1427
f 1088/2240/1426 1094/2254/1428 1095/2256/1426
f 1094/2254/1428 1097/2261/1428 1095/2256/1426
f 1097/2261/1428 1094/2254/1428 1098/2263/1428
f 1097/2261/1428 1098/2263/1428 1099/2264/1428
f 1099/2264/1428 1100/2265/1428 1097/2261/1428
f 1098/2263/1428 1094/2254/1428 1101/2267/1429
f 1098/2263/1428 1101/2267/1429 1102/2268/1430
f 1102/2268/1430 1103/2270/1428 1098/2263/1428
f 1099/2264/1428 1098/2263/1428 1103/2270/1428
f 1094/2254/1428 1104/2272/1428 1101/2267/1429
f 1100/2265/1428 1099/2264/1428 1105/2274/1428
f 1105/2274/1428 1099/2264/1428 1103/2270/1428
f 1100/2265/1428 1105/2274/1428 1106/2276/1428
f 1106/2276/1428 1107/2278/1428 1100/2265/1428
f 1101/2267/1429 1104/2272/1428 1108/2280/1428
f 1101/2267/1429 1108/2280/1428 1109/2283/1431
f 1109/2283/1431 1110/2285/1432 1101/2267/1429
f 1111/2286/1433 1110/2285/1432 1109/2283/1431
f 1101/2267/1429 1110/2285/1432 1111/2286/1433
f 1102/2268/1430 1101/2267/1429 1111/2286/1433
f 1111/2286/1433 1109/2283/1431 1112/2289/1434
f 1112/2289/1434 1113/2291/1434 1111/2286/1433
f 1091/2247/1435 1092/2249/1436 1114/2292/1436
f 1115/2294/1435 1091/2247/1435 1114/2292/1436
f 1115/2294/1435 1116/2296/1437 1091/2247/1435
f 1116/2296/1437 1093/2251/1437 1091/2247/1435
f 1117/2298/1437 1093/2251/1437 1116/2296/1437
f 1117/2298/1437 1116/2296/1437 1118/2299/1437
f 1118/2299/1437 1119/2301/1437 1117/2298/1437
f 1120/2302/1437 1093/2251/1437 1117/2298/1437
f 1121/2304/1437 1120/2302/1437 1117/2298/1437
f 1121/2304/1437 1117/2298/1437 1122/2305/1437
f 1122/2305/1437 1123/2308/1438 1121/2304/1437
f 1124/2311/1437 1120/2302/1437 1121/2304/1437
f 1124/2311/1437 1121/2304/1437 1125/2314/1439
f 1125/2314/1439 1121/2304/1437 1123/2308/1438
f 1125/2314/1439 1126/2315/1440 1124/2311/1437
f 1126/2315/1440 1125/2314/1439 1127/2317/1441
f 1127/2317/1441 1125/2314/1439 1123/2308/1438
f 1126/2315/1440 1127/2317/1441 1128/2319/1442
f 1128/2319/1442 1129/2322/1442 1126/2315/1440
f 1117/2298/1437 1119/2301/1437 1130/2325/1437
f 1122/2305/1437 1117/2298/1437 1130/2325/1437
f 1130/2325/1437 1119/2301/1437 1118/2299/1437
f 1130/2325/1437 1118/2299/1437 1131/2327/1437
f 1131/2327/1437 1132/2330/1437 1130/2325/1437
f 1132/2331/1443 1131/2328/1443 1107/2278/1443
f 1106/2276/1443 1132/2331/1443 1107/2278/1443
f 1102/2268/1444 1123/2309/1445 1122/2306/1446
f 1103/2270/1447 1102/2268/1444 1122/2306/1446
f 1133/2333/1448 1134/2335/1449 1135/2337/1449
f 1136/2339/1448 1133/2333/1448 1135/2337/1449
f 1135/2337/1449 1134/2335/1449 1137/2341/1450
f 1134/2335/1449 1138/2343/1450 1137/2341/1450
f 1137/2341/1450 1138/2343/1450 1139/2345/1367
f 1138/2343/1450 1140/2348/1367 1139/2345/1367
f 1141/2351/1451 1133/2333/1448 1136/2339/1448
f 1142/2353/1451 1141/2351/1451 1136/2339/1448
f 1143/2355/1452 1141/2351/1451 1142/2353/1451
f 1144/2357/1452 1143/2355/1452 1142/2353/1451
f 1145/2359/1351 1146/2361/1453 1147/2363/1453
f 1148/2365/1351 1145/2359/1351 1147/2363/1453
f 1147/2363/1453 1146/2361/1453 1149/2367/1454
f 1146/2361/1453 1150/2369/1454 1149/2367/1454
f 1149/2367/1454 1150/2369/1454 1151/2371/1455
f 1150/2369/1454 1152/2373/1455 1151/2371/1455
f 1151/2371/1455 1152/2373/1455 1153/2375/1456
f 1152/2373/1455 1154/2378/1456 1153/2375/1456
f 1155/2381/1457 1145/2359/1351 1148/2365/1351
f 1156/2383/1457 1155/2381/1457 1148/2365/1351
f 1157/2385/1458 1155/2381/1457 1156/2383/1457
f 1158/2387/1458 1157/2385/1458 1156/2383/1457
f 1159/2389/1459 1157/2385/1458 1158/2387/1458
f 1160/2391/1459 1159/2389/1459 1158/2387/1458
f 1161/2393/1460 1159/2389/1459 1160/2391/1459
f 1162/2395/1460 1161/2393/1460 1160/2391/1459
f 1140/2349/1367 1163/2397/1461 1164/2399/1461
f 1139/2346/1367 1140/2349/1367 1164/2399/1461
f 1164/2399/1461 1163/2397/1461 1165/2401/1462
f 1163/2397/1461 1166/2403/1462 1165/2401/1462
f 1165/2401/1462 1166/2403/1462 1167/2405/1463
f 1166/2403/1462 1168/2407/1463 1167/2405/1463
f 1167/2405/1463 1168/2407/1463 1169/2409/1464
f 1168/2407/1463 1170/2411/1464 1169/2409/1464
f 1154/2379/1456 1171/2413/1465 1172/2415/1465
f 1153/2376/1456 1154/2379/1456 1172/2415/1465
f 1172/2415/1465 1171/2413/1465 1173/2417/1466
f 1171/2413/1465 1174/2419/1466 1173/2417/1466
f 1173/2417/1466 1174/2419/1466 1175/2421/1467
f 1174/2419/1466 1176/2423/1467 1175/2421/1467
f 1175/2421/1467 1176/2423/1467 1177/2425/1468
f 1176/2423/1467 1178/2427/1468 1177/2425/1468
f 1177/2425/1468 1178/2427/1468 1179/2429/1469
f 1178/2427/1468 1180/2431/1469 1179/2429/1469
f 1179/2429/1469 1180/2431/1469 1181/2433/1470
f 1180/2431/1469 1182/2435/1470 1181/2433/1470
f 1181/2433/1470 1182/2435/1470 1144/2357/1452
f 1182/2435/1470 1143/2355/1452 1144/2357/1452
f 1137/2342/8 1139/2347/8 1164/2400/8
f 1164/2400/8 1165/2402/8 1137/2342/8
f 1165/2402/8 1135/2338/8 1137/2342/8
f 1165/2402/8 1167/2406/8 1135/2338/8
f 1167/2406/8 1136/2340/8 1135/2338/8
f 1167/2406/8 1169/2410/8 1136/2340/8
f 1169/2410/8 1142/2354/8 1136/2340/8
f 1169/2410/8 1162/2396/8 1142/2354/8
f 1162/2396/8 1144/2358/8 1142/2354/8
f 1162/2396/8 1181/2434/8 1144/2358/8
f 1162/2396/8 1179/2430/8 1181/2434/8
f 1162/2396/8 1177/2426/8 1179/2430/8
f 1162/2396/8 1175/2422/8 1177/2426/8
f 1162/2396/8 1173/2418/8 1175/2422/8
f 1162/2396/8 1172/2416/8 1173/2418/8
f 1162/2396/8 1153/2377/8 1172/2416/8
f 1162/2396/8 1151/2372/8 1153/2377/8
f 1162/2396/8 1160/2392/8 1151/2372/8
f 1160/2392/8 1158/2388/8 1151/2372/8
f 1158/2388/8 1149/2368/8 1151/2372/8
f 1158/2388/8 1147/2364/8 1149/2368/8
f 1158/2388/8 1156/2384/8 1147/2364/8
f 1156/2384/8 1148/2366/8 1147/2364/8
f 1183/2438/1471 1090/2245/1471 1089/2243/1471
f 1096/2260/1471 1183/2438/1471 1089/2243/1471
f 1184/2439/1472 1185/2440/1473 1186/2441/1474
f 1187/2442/1475 1184/2439/1472 1186/2441/1474
f 1185/2440/1473 1188/2444/1476 1186/2441/1474
f 1188/2444/1476 1189/2445/1477 1186/2441/1474
f 1186/2441/1474 1189/2445/1477 1187/2442/1475
f 1184/2439/1472 1187/2442/1475 1190/2448/1478
f 1189/2445/1477 1190/2448/1478 1187/2442/1475
f 1191/2451/1479 1184/2439/1472 1190/2448/1478
f 1191/2451/1479 1188/2444/1476 1185/2440/1473
f 1184/2439/1472 1191/2451/1479 1185/2440/1473
f 1192/2453/9 1193/2455/9 1194/2458/9
f 1195/2460/9 1192/2453/9 1194/2458/9
f 1195/2460/9 1194/2458/9 1196/2462/1480
f 1197/2464/1480 1195/2460/9 1196/2462/1480
f 1197/2464/1480 1196/2462/1480 1189/2446/1477
f 1188/2443/1476 1197/2464/1480 1189/2446/1477
f 1198/2466/2 1199/2469/1481 1200/2472/1481
f 1193/2456/1482 1198/2466/2 1200/2472/1481
f 1201/2474/1483 1193/2456/1482 1200/2472/1481
f 1202/2475/1484 1201/2474/1483 1200/2472/1481
f 1201/2474/1483 1203/2477/1485 1193/2456/1482
f 1201/2474/1483 1204/2480/1486 1203/2477/1485
f 1204/2480/1486 1205/2482/1487 1203/2477/1485
f 1203/2477/1485 1194/2459/1488 1193/2456/1482
f 1206/2485/1489 1204/2480/1486 1201/2474/1483
f 1202/2475/1484 1206/2485/1489 1201/2474/1483
f 1203/2477/1485 1207/2488/1490 1194/2459/1488
f 1207/2488/1490 1196/2463/1490 1194/2459/1488
f 1196/2463/1490 1207/2488/1490 1190/2449/1478
f 1189/2447/1477 1196/2463/1490 1190/2449/1478
f 1208/2490/1491 1209/2492/1492 1210/2494/1492
f 1211/2495/1491 1208/2490/1491 1210/2494/1492
f 1212/2496/1493 1211/2495/1491 1210/2494/1492
f 1213/2497/1494 1212/2496/1493 1210/2494/1492
f 1213/2497/1494 1210/2494/1492 1214/2498/1495
f 1210/2494/1492 1209/2492/1492 1214/2498/1495
f 1215/2500/1496 1213/2497/1494 1214/2498/1495
f 1212/2496/1493 1202/2476/1484 1211/2495/1491
f 1202/2476/1484 1200/2473/1481 1211/2495/1491
f 1215/2500/1496 1216/2503/1497 1213/2497/1494
f 1216/2503/1497 1217/2505/1498 1213/2497/1494
f 1213/2497/1494 1217/2505/1498 1212/2496/1493
f 1217/2505/1498 1218/2507/1499 1212/2496/1493
f 1212/2496/1493 1218/2507/1499 1202/2476/1484
f 1218/2507/1499 1206/2486/1489 1202/2476/1484
f 1199/2470/1481 1208/2490/1491 1211/2495/1491
f 1200/2473/1481 1199/2470/1481 1211/2495/1491
f 1209/2492/1492 1219/2509/1495 1214/2498/1495
f 1205/2483/1487 1220/2512/1500 1221/2514/1501
f 1203/2478/1485 1205/2483/1487 1221/2514/1501
f 1222/2517/1502 1216/2504/1497 1215/2501/1496
f 1223/2518/1503 1222/2517/1502 1215/2501/1496
f 1221/2514/1501 1195/2461/1504 1197/2465/1505
f 1224/2520/1505 1221/2514/1501 1197/2465/1505
f 1221/2514/1501 1223/2519/1503 1195/2461/1504
f 1223/2519/1503 1192/2454/1506 1195/2461/1504
f 1223/2519/1503 1215/2502/1496 1192/2454/1506
f 1215/2502/1496 1214/2499/1495 1192/2454/1506
f 1221/2514/1501 1220/2512/1500 1223/2519/1503
f 1220/2512/1500 1222/2516/1502 1223/2519/1503
f 1224/2520/1505 1197/2465/1505 1188/2444/1476
f 1191/2451/1479 1224/2520/1505 1188/2444/1476
f 1214/2499/1495 1219/2510/1495 1192/2454/1506
f 1219/2510/1495 1225/2523/1 1192/2454/1506
f 1221/2515/8 1224/2521/1507 1207/2489/1507
f 1203/2479/8 1221/2515/8 1207/2489/1507
f 1224/2521/1507 1191/2452/1479 1207/2489/1507
f 1191/2452/1479 1190/2450/1478 1207/2489/1507
f 1222/2517/8 1220/2513/8 1205/2484/8
f 1204/2481/8 1222/2517/8 1205/2484/8
f 1216/2504/8 1222/2517/8 1204/2481/8
f 1206/2487/8 1216/2504/8 1204/2481/8
f 1217/2506/8 1216/2504/8 1206/2487/8
f 1218/2508/8 1217/2506/8 1206/2487/8
f 1225/2523/3 1198/2468/3 1193/2457/3
f 1192/2454/3 1225/2523/3 1193/2457/3
f 1113/2290/1508 1128/2320/1508 1127/2318/1509
f 1111/2287/1510 1113/2290/1508 1127/2318/1509
f 1127/2318/1509 1123/2310/1445 1111/2287/1510
f 1123/2310/1445 1102/2269/1444 1111/2287/1510
f 1126/2316/1511 1109/2284/1512 1108/2281/8
f 1124/2312/8 1126/2316/1511 1108/2281/8
f 1126/2316/1511 1129/2323/1513 1109/2284/1512
f 1129/2323/1513 1112/2288/1513 1109/2284/1512
f 1124/2313/1514 1108/2282/1515 1104/2273/1516
f 1120/2303/1517 1124/2313/1514 1104/2273/1516
f 1120/2303/1517 1104/2273/1516 1094/2255/1518
f 1093/2252/1519 1120/2303/1517 1094/2255/1518
f 1132/2332/8 1106/2277/8 1105/2275/1520
f 1130/2326/1521 1132/2332/8 1105/2275/1520
f 1112/2289/1522 1129/2324/1522 1128/2321/1522
f 1113/2291/1522 1112/2289/1522 1128/2321/1522
f 1103/2271/1447 1122/2307/1446 1130/2326/1521
f 1105/2275/1520 1103/2271/1447 1130/2326/1521
f 1226/2524/9 1227/2526/9 1228/2529/9
f 1228/2529/9 1229/2531/9 1226/2524/9
f 1229/2531/9 1230/2533/9 1226/2524/9
f 1231/2535/9 1229/2531/9 1228/2529/9
f 1232/2538/9 1231/2535/9 1228/2529/9
f 1095/2256/1426 1228/2530/1426 1227/2527/1427
f 1096/2258/1427 1095/2256/1426 1227/2527/1427
f 1232/2539/1428 1228/2530/1426 1095/2256/1426
f 1097/2261/1428 1232/2539/1428 1095/2256/1426
f 1233/2541/1428 1232/2539/1428 1097/2261/1428
f 1233/2541/1428 1097/2261/1428 1100/2265/1428
f 1100/2265/1428 1234/2542/1428 1233/2541/1428
f 1235/2543/1428 1232/2539/1428 1233/2541/1428
f 1236/2545/1429 1235/2543/1428 1233/2541/1428
f 1236/2545/1429 1233/2541/1428 1237/2546/1428
f 1233/2541/1428 1234/2542/1428 1237/2546/1428
f 1237/2546/1428 1238/2548/1523 1236/2545/1429
f 1239/2550/1428 1234/2542/1428 1100/2265/1428
f 1234/2542/1428 1239/2550/1428 1237/2546/1428
f 1239/2550/1428 1100/2265/1428 1107/2278/1428
f 1107/2278/1428 1240/2552/1428 1239/2550/1428
f 1241/2554/1428 1235/2543/1428 1236/2545/1429
f 1241/2554/1428 1236/2545/1429 1242/2557/1524
f 1242/2557/1524 1243/2558/1431 1241/2554/1428
f 1243/2558/1431 1242/2557/1524 1244/2560/1433
f 1236/2545/1429 1238/2548/1523 1244/2560/1433
f 1242/2557/1524 1236/2545/1429 1244/2560/1433
f 1243/2558/1431 1244/2560/1433 1245/2563/1434
f 1245/2563/1434 1246/2565/1434 1243/2558/1431
f 1229/2532/1435 1115/2294/1435 1114/2292/1436
f 1230/2534/1436 1229/2532/1435 1114/2292/1436
f 1116/2296/1437 1115/2294/1435 1229/2532/1435
f 1231/2536/1437 1116/2296/1437 1229/2532/1435
f 1116/2296/1437 1231/2536/1437 1247/2566/1437
f 1116/2296/1437 1247/2566/1437 1248/2567/1437
f 1248/2567/1437 1118/2299/1437 1116/2296/1437
f 1247/2566/1437 1231/2536/1437 1249/2568/1437
f 1247/2566/1437 1249/2568/1437 1250/2569/1438
f 1250/2569/1438 1251/2572/1437 1247/2566/1437
f 1231/2536/1437 1252/2575/1437 1249/2568/1437
f 1249/2568/1437 1252/2575/1437 1253/2577/1437
f 1249/2568/1437 1253/2577/1437 1254/2580/1440
f 1254/2580/1440 1255/2582/1440 1249/2568/1437
f 1249/2568/1437 1255/2582/1440 1250/2569/1438
f 1256/2583/1441 1255/2582/1440 1254/2580/1440
f 1255/2582/1440 1256/2583/1441 1250/2569/1438
f 1256/2583/1441 1254/2580/1440 1257/2585/1442
f 1257/2585/1442 1258/2588/1442 1256/2583/1441
f 1247/2566/1437 1251/2572/1437 1259/2591/1437
f 1248/2567/1437 1247/2566/1437 1259/2591/1437
f 1118/2299/1437 1248/2567/1437 1259/2591/1437
f 1118/2299/1437 1259/2591/1437 1260/2593/1437
f 1260/2593/1437 1131/2327/1437 1118/2299/1437
f 1260/2594/1443 1240/2552/1443 1107/2278/1443
f 1131/2328/1443 1260/2594/1443 1107/2278/1443
f 1238/2548/1525 1237/2546/1526 1251/2573/1527
f 1250/2570/1528 1238/2548/1525 1251/2573/1527
f 1107/2279/8 1100/2266/8 1118/2300/8
f 1131/2329/8 1107/2279/8 1118/2300/8
f 1118/2300/8 1100/2266/8 1116/2297/8
f 1100/2266/8 1097/2262/8 1116/2297/8
f 1116/2297/8 1097/2262/8 1115/2295/8
f 1097/2262/8 1095/2257/8 1115/2295/8
f 1183/2437/8 1115/2295/8 1095/2257/8
f 1095/2257/8 1096/2259/8 1183/2437/8
f 1183/2437/8 1114/2293/8 1115/2295/8
f 1133/2333/1448 1261/2596/1448 1262/2598/1449
f 1134/2335/1449 1133/2333/1448 1262/2598/1449
f 1134/2335/1449 1262/2598/1449 1263/2600/1450
f 1138/2343/1450 1134/2335/1449 1263/2600/1450
f 1138/2343/1450 1263/2600/1450 1264/2602/1367
f 1140/2348/1367 1138/2343/1450 1264/2602/1367
f 1133/2333/1448 1141/2351/1451 1261/2596/1448
f 1141/2351/1451 1265/2605/1451 1261/2596/1448
f 1145/2359/1351 1266/2607/1351 1267/2609/1453
f 1146/2361/1453 1145/2359/1351 1267/2609/1453
f 1146/2361/1453 1267/2609/1453 1268/2611/1454
f 1150/2369/1454 1146/2361/1453 1268/2611/1454
f 1150/2369/1454 1268/2611/1454 1269/2613/1455
f 1152/2373/1455 1150/2369/1454 1269/2613/1455
f 1152/2373/1455 1269/2613/1455 1270/2615/1456
f 1154/2378/1456 1152/2373/1455 1270/2615/1456
f 1145/2359/1351 1155/2381/1457 1266/2607/1351
f 1155/2381/1457 1271/2618/1457 1266/2607/1351
f 1155/2381/1457 1157/2385/1458 1271/2618/1457
f 1157/2385/1458 1272/2620/1458 1271/2618/1457
f 1157/2385/1458 1159/2389/1459 1272/2620/1458
f 1159/2389/1459 1273/2622/1459 1272/2620/1458
f 1159/2389/1459 1161/2393/1460 1273/2622/1459
f 1161/2393/1460 1274/2624/1460 1273/2622/1459
f 1140/2349/1367 1264/2603/1367 1275/2626/1461
f 1163/2397/1461 1140/2349/1367 1275/2626/1461
f 1163/2397/1461 1275/2626/1461 1276/2628/1462
f 1166/2403/1462 1163/2397/1461 1276/2628/1462
f 1166/2403/1462 1276/2628/1462 1277/2630/1463
f 1168/2407/1463 1166/2403/1462 1277/2630/1463
f 1168/2407/1463 1277/2630/1463 1278/2632/1464
f 1170/2411/1464 1168/2407/1463 1278/2632/1464
f 1154/2379/1456 1270/2616/1456 1279/2634/1465
f 1171/2413/1465 1154/2379/1456 1279/2634/1465
f 1171/2413/1465 1279/2634/1465 1280/2636/1466
f 1174/2419/1466 1171/2413/1465 1280/2636/1466
f 1174/2419/1466 1280/2636/1466 1281/2638/1467
f 1176/2423/1467 1174/2419/1466 1281/2638/1467
f 1176/2423/1467 1281/2638/1467 1282/2640/1468
f 1178/2427/1468 1176/2423/1467 1282/2640/1468
f 1178/2427/1468 1282/2640/1468 1283/2642/1469
f 1180/2431/1469 1178/2427/1468 1283/2642/1469
f 1180/2431/1469 1283/2642/1469 1284/2644/1470
f 1182/2435/1470 1180/2431/1469 1284/2644/1470
f 1182/2435/1470 1284/2644/1470 1285/2646/1452
f 1143/2355/1452 1182/2435/1470 1285/2646/1452
f 1143/2355/1452 1285/2646/1452 1265/2605/1451
f 1141/2351/1451 1143/2355/1452 1265/2605/1451
f 1138/2344/8 1140/2350/8 1163/2398/8
f 1163/2398/8 1166/2404/8 1138/2344/8
f 1166/2404/8 1134/2336/8 1138/2344/8
f 1166/2404/8 1168/2408/8 1134/2336/8
f 1168/2408/8 1133/2334/8 1134/2336/8
f 1168/2408/8 1170/2412/8 1133/2334/8
f 1170/2412/8 1141/2352/8 1133/2334/8
f 1170/2412/8 1161/2394/8 1141/2352/8
f 1161/2394/8 1143/2356/8 1141/2352/8
f 1161/2394/8 1182/2436/8 1143/2356/8
f 1161/2394/8 1180/2432/8 1182/2436/8
f 1161/2394/8 1178/2428/8 1180/2432/8
f 1161/2394/8 1176/2424/8 1178/2428/8
f 1161/2394/8 1174/2420/8 1176/2424/8
f 1161/2394/8 1171/2414/8 1174/2420/8
f 1161/2394/8 1154/2380/8 1171/2414/8
f 1161/2394/8 1152/2374/8 1154/2380/8
f 1161/2394/8 1159/2390/8 1152/2374/8
f 1159/2390/8 1157/2386/8 1152/2374/8
f 1157/2386/8 1150/2370/8 1152/2374/8
f 1157/2386/8 1146/2362/8 1150/2370/8
f 1157/2386/8 1155/2382/8 1146/2362/8
f 1155/2382/8 1145/2360/8 1146/2362/8
f 1275/2627/9 1264/2604/9 1263/2601/9
f 1263/2601/9 1262/2599/9 1275/2627/9
f 1262/2599/9 1276/2629/9 1275/2627/9
f 1262/2599/9 1261/2597/9 1276/2629/9
f 1261/2597/9 1277/2631/9 1276/2629/9
f 1261/2597/9 1265/2606/9 1277/2631/9
f 1265/2606/9 1278/2633/9 1277/2631/9
f 1265/2606/9 1274/2625/9 1278/2633/9
f 1265/2606/9 1285/2647/9 1274/2625/9
f 1285/2647/9 1284/2645/9 1274/2625/9
f 1284/2645/9 1283/2643/9 1274/2625/9
f 1283/2643/9 1282/2641/9 1274/2625/9
f 1282/2641/9 1281/2639/9 1274/2625/9
f 1281/2639/9 1280/2637/9 1274/2625/9
f 1280/2637/9 1279/2635/9 1274/2625/9
f 1279/2635/9 1270/2617/9 1274/2625/9
f 1270/2617/9 1269/2614/9 1274/2625/9
f 1269/2614/9 1273/2623/9 1274/2625/9
f 1269/2614/9 1268/2612/9 1273/2623/9
f 1268/2612/9 1272/2621/9 1273/2623/9
f 1268/2612/9 1267/2610/9 1272/2621/9
f 1267/2610/9 1271/2619/9 1272/2621/9
f 1267/2610/9 1266/2608/9 1271/2619/9
f 1183/2438/1471 1096/2260/1471 1227/2528/1471
f 1226/2525/1471 1183/2438/1471 1227/2528/1471
f 1286/2648/1473 1287/2649/1474 1288/2650/1475
f 1289/2651/1472 1286/2648/1473 1288/2650/1475
f 1290/2653/1479 1289/2651/1472 1288/2650/1475
f 1291/2654/1478 1290/2653/1479 1288/2650/1475
f 1291/2654/1478 1288/2650/1475 1287/2649/1474
f 1287/2649/1474 1286/2648/1473 1292/2657/1477
f 1292/2657/1477 1291/2654/1478 1287/2649/1474
f 1286/2648/1473 1293/2660/1476 1292/2657/1477
f 1293/2660/1476 1286/2648/1473 1289/2651/1472
f 1290/2653/1479 1293/2660/1476 1289/2651/1472
f 1294/2662/8 1295/2664/8 1296/2666/8
f 1297/2668/8 1294/2662/8 1296/2666/8
f 1296/2666/8 1295/2664/8 1298/2671/1507
f 1295/2664/8 1299/2673/1507 1298/2671/1507
f 1298/2671/1507 1299/2673/1507 1291/2655/1478
f 1299/2673/1507 1290/2652/1479 1291/2655/1478
f 1198/2466/2 1297/2669/1482 1300/2675/1481
f 1199/2469/1481 1198/2466/2 1300/2675/1481
f 1297/2669/1482 1301/2677/1529 1300/2675/1481
f 1301/2677/1529 1302/2678/1530 1300/2675/1481
f 1303/2680/1531 1301/2677/1529 1297/2669/1482
f 1304/2683/1532 1301/2677/1529 1303/2680/1531
f 1305/2685/1533 1304/2683/1532 1303/2680/1531
f 1296/2667/1488 1303/2680/1531 1297/2669/1482
f 1306/2688/1534 1302/2678/1530 1301/2677/1529
f 1304/2683/1532 1306/2688/1534 1301/2677/1529
f 1307/2691/1490 1303/2680/1531 1296/2667/1488
f 1298/2672/1490 1307/2691/1490 1296/2667/1488
f 1307/2691/1490 1298/2672/1490 1292/2658/1477
f 1298/2672/1490 1291/2656/1478 1292/2658/1477
f 1208/2490/1491 1308/2693/1491 1309/2694/1492
f 1209/2492/1492 1208/2490/1491 1309/2694/1492
f 1308/2693/1491 1310/2695/1535 1309/2694/1492
f 1310/2695/1535 1311/2696/1536 1309/2694/1492
f 1309/2694/1492 1311/2696/1536 1312/2697/1495
f 1209/2492/1492 1309/2694/1492 1312/2697/1495
f 1311/2696/1536 1313/2699/1537 1312/2697/1495
f 1302/2679/1530 1310/2695/1535 1308/2693/1491
f 1300/2676/1481 1302/2679/1530 1308/2693/1491
f 1314/2702/1538 1313/2699/1537 1311/2696/1536
f 1315/2704/1539 1314/2702/1538 1311/2696/1536
f 1315/2704/1539 1311/2696/1536 1310/2695/1535
f 1316/2706/1540 1315/2704/1539 1310/2695/1535
f 1316/2706/1540 1310/2695/1535 1302/2679/1530
f 1306/2689/1534 1316/2706/1540 1302/2679/1530
f 1199/2470/1481 1300/2676/1481 1308/2693/1491
f 1208/2490/1491 1199/2470/1481 1308/2693/1491
f 1219/2509/1495 1209/2492/1492 1312/2697/1495
f 1305/2686/1533 1303/2681/1531 1317/2708/1541
f 1318/2710/1542 1305/2686/1533 1317/2708/1541
f 1319/2713/1543 1320/2714/1544 1313/2700/1537
f 1314/2703/1538 1319/2713/1543 1313/2700/1537
f 1317/2708/1541 1321/2716/1505 1299/2674/1505
f 1295/2665/1504 1317/2708/1541 1299/2674/1505
f 1320/2715/1544 1317/2708/1541 1295/2665/1504
f 1294/2663/1506 1320/2715/1544 1295/2665/1504
f 1313/2701/1537 1320/2715/1544 1294/2663/1506
f 1312/2698/1495 1313/2701/1537 1294/2663/1506
f 1318/2710/1542 1317/2708/1541 1320/2715/1544
f 1319/2712/1543 1318/2710/1542 1320/2715/1544
f 1299/2674/1505 1321/2716/1505 1290/2653/1479
f 1321/2716/1505 1293/2660/1476 1290/2653/1479
f 1219/2510/1495 1312/2698/1495 1294/2663/1506
f 1225/2523/1 1219/2510/1495 1294/2663/1506
f 1317/2709/9 1303/2682/9 1307/2692/1480
f 1321/2717/1480 1317/2709/9 1307/2692/1480
f 1293/2661/1476 1321/2717/1480 1307/2692/1480
f 1292/2659/1477 1293/2661/1476 1307/2692/1480
f 1319/2713/9 1304/2684/9 1305/2687/9
f 1318/2711/9 1319/2713/9 1305/2687/9
f 1319/2713/9 1314/2703/9 1304/2684/9
f 1314/2703/9 1306/2690/9 1304/2684/9
f 1314/2703/9 1315/2705/9 1306/2690/9
f 1315/2705/9 1316/2707/9 1306/2690/9
f 1219/2511/8 1225/2522/8 1198/2467/8
f 1199/2471/8 1219/2511/8 1198/2467/8
f 1209/2493/8 1219/2511/8 1199/2471/8
f 1208/2491/8 1209/2493/8 1199/2471/8
f 1225/2523/3 1294/2663/3 1297/2670/3
f 1198/2468/3 1225/2523/3 1297/2670/3
f 1245/2562/1545 1244/2561/1546 1256/2584/1547
f 1258/2589/1545 1245/2562/1545 1256/2584/1547
f 1250/2571/1528 1256/2584/1547 1244/2561/1546
f 1238/2549/1525 1250/2571/1528 1244/2561/1546
f 1254/2581/1548 1253/2578/9 1241/2555/9
f 1243/2559/1549 1254/2581/1548 1241/2555/9
f 1257/2586/1550 1254/2581/1548 1243/2559/1549
f 1246/2564/1550 1257/2586/1550 1243/2559/1549
f 1253/2579/1551 1252/2576/1552 1235/2544/1553
f 1241/2556/1554 1253/2579/1551 1235/2544/1553
f 1235/2544/1553 1252/2576/1552 1232/2540/1555
f 1252/2576/1552 1231/2537/1556 1232/2540/1555
f 1260/2595/9 1259/2592/1557 1239/2551/1558
f 1240/2553/9 1260/2595/9 1239/2551/1558
f 1246/2565/1522 1245/2563/1522 1258/2590/1522
f 1257/2587/1522 1246/2565/1522 1258/2590/1522
f 1237/2547/1526 1239/2551/1558 1259/2592/1557
f 1251/2574/1527 1237/2547/1526 1259/2592/1557
f 100/210/1559 80/166/1559 81/168/1468
f 101/212/1468 100/210/1559 81/168/1468
f 100/210/1559 97/204/1560 80/166/1559
f 97/204/1560 75/155/1560 80/166/1559
f 101/212/1468 81/168/1468 82/170/1561
f 102/214/1561 101/212/1468 82/170/1561
f 90/188/1559 110/232/1559 111/234/1468
f 91/190/1468 90/188/1559 111/234/1468
f 91/190/1468 111/234/1468 112/236/1561
f 92/192/1561 91/190/1468 112/236/1561
f 90/188/1559 87/182/1560 110/232/1559
f 87/182/1560 105/221/1560 110/232/1559
f 96/201/1562 76/157/1562 75/155/1560
f 97/204/1560 96/201/1562 75/155/1560
f 86/179/1562 106/223/1562 105/221/1560
f 87/182/1560 86/179/1562 105/221/1560
f 95/199/1563 77/160/1563 76/158/1562
f 96/202/1562 95/199/1563 76/158/1562
f 95/199/1563 98/206/1564 77/160/1563
f 98/206/1564 78/162/1565 77/160/1563
f 85/177/1563 107/226/1563 106/224/1562
f 86/180/1562 85/177/1563 106/224/1562
f 85/177/1563 88/184/1564 107/226/1563
f 88/184/1564 108/228/1565 107/226/1563
f 94/197/1566 114/241/1566 109/230/1567
f 89/186/1567 94/197/1566 109/230/1567
f 94/197/1566 93/194/1568 114/241/1566
f 93/194/1568 113/238/1568 114/241/1566
f 92/192/1561 112/236/1561 113/239/1568
f 93/195/1568 92/192/1561 113/239/1568
f 104/219/1566 84/175/1566 79/164/1567
f 99/208/1567 104/219/1566 79/164/1567
f 104/219/1566 103/216/1568 84/175/1566
f 103/216/1568 83/172/1568 84/175/1566
f 102/214/1561 82/170/1561 83/173/1568
f 103/217/1568 102/214/1561 83/173/1568
f 727/1559/1569 711/1523/1569 710/1520/1569
f 719/1542/1569 727/1559/1569 710/1520/1569
